underlying,run_id,dir,spot_pnl
BTC,BTC-0000,1,441460.5745721272
BTC,BTC-0001,1,
BTC,BTC-0002,1,
BTC,BTC-0003,1,156678.67719745284
BTC,BTC-0004,1,28394.801573728768
BTC,BTC-0005,1,3576.910602950823
BTC,BTC-0006,-1,-65695.74725313799
BTC,BTC-0007,-1,
BTC,BTC-0008,1,-19692.900711623195
BTC,BTC-0009,-1,93741.11641870227
BTC,BTC-0010,-1,47963.49925632698
BTC,BTC-0011,1,90912.6904624488
BTC,BTC-0012,1,
BTC,BTC-0013,1,-56414.066573239885
BTC,BTC-0014,-1,-53613.00849145626
BTC,BTC-0015,1,82826.54988171949
BTC,BTC-0016,-1,66125.58421942289
BTC,BTC-0017,-1,-12.384112167576177
BTC,BTC-0018,-1,53608.520500190985
BTC,BTC-0019,1,-41449.398605561335
BTC,BTC-0020,-1,-84389.99222172414
BTC,BTC-0021,1,-39952.1251568382
BTC,BTC-0022,-1,-52161.72075404675
BTC,BTC-0023,-1,-31852.946779101887
BTC,BTC-0024,1,25751.922974799163
BTC,BTC-0025,-1,6597.868364703753
BTC,BTC-0026,-1,96235.5996954304
BTC,BTC-0027,-1,-16127.124277067287
BTC,BTC-0028,-1,126806.4347452192
BTC,BTC-0029,1,-40825.8834506084
BTC,BTC-0030,-1,
BTC,BTC-0031,1,-62658.99694787659
BTC,BTC-0032,-1,2631.533888869036
BTC,BTC-0033,-1,-4066.303956549977
BTC,BTC-0034,-1,-18547.155912563816
BTC,BTC-0035,1,-44073.410177270765
BTC,BTC-0036,-1,-7205.148608468808
BTC,BTC-0037,1,-21921.33490707876
BTC,BTC-0038,-1,-5718.356700009115
BTC,BTC-0039,1,119033.34323166328
BTC,BTC-0040,1,
BTC,BTC-0041,1,-41622.35024404918
BTC,BTC-0042,-1,-46341.19628824196
BTC,BTC-0043,1,43216.73509387861
BTC,BTC-0044,1,-24679.91038445332
BTC,BTC-0045,1,
BTC,BTC-0046,1,-32228.124761957937
BTC,BTC-0047,-1,-3228.085948572645
BTC,BTC-0048,-1,-5712.889309929061
BTC,BTC-0049,-1,-12674.869805478529
BTC,BTC-0050,-1,
BTC,BTC-0051,1,-2516.4456935329154
BTC,BTC-0052,1,-11199.483321247299
BTC,BTC-0053,-1,-8274.569994640182
BTC,BTC-0054,-1,-909.4812713131223
BTC,BTC-0055,-1,36807.08914909236
BTC,BTC-0056,-1,-540.9091987379599
BTC,BTC-0057,1,
BTC,BTC-0058,-1,-14913.277909991672
BTC,BTC-0059,1,-20960.882384362118
BTC,BTC-0060,1,252796.6403666399
BTC,BTC-0061,-1,-5568.690315203642
BTC,BTC-0062,1,259930.53131770555
BTC,BTC-0063,1,-16461.980956103198
BTC,BTC-0064,-1,-46537.00853194422
BTC,BTC-0065,-1,2527.9972168319237
BTC,BTC-0066,-1,-32462.594551333696
BTC,BTC-0067,1,1933.8546177307235
BTC,BTC-0068,1,
BTC,BTC-0069,-1,11943.974602674247
BTC,BTC-0070,1,-10833.05216772615
BTC,BTC-0071,-1,-94866.40136003999
BTC,BTC-0072,1,-31346.631462258487
BTC,BTC-0073,-1,-14395.489253194675
BTC,BTC-0074,-1,
BTC,BTC-0075,1,-18486.68061254916
BTC,BTC-0076,1,-15458.874414583344
BTC,BTC-0077,1,272222.70662445796
BTC,BTC-0078,1,
BTC,BTC-0079,1,-19177.373642160223
BTC,BTC-0080,-1,-23981.54871909264
BTC,BTC-0081,1,-36423.90699600002
BTC,BTC-0082,-1,-11378.773367983144
BTC,BTC-0083,1,-31875.713371734553
BTC,BTC-0084,-1,45725.52085016872
BTC,BTC-0085,-1,-351.75487371457984
BTC,BTC-0086,-1,-9495.104972581243
BTC,BTC-0087,1,118018.89359226983
BTC,BTC-0088,1,-11345.608211395776
BTC,BTC-0089,-1,-26413.667672244323
BTC,BTC-0090,1,27766.855045618006
BTC,BTC-0091,1,-6324.667946868118
BTC,BTC-0092,-1,
BTC,BTC-0093,-1,5164.412110878639
BTC,BTC-0094,-1,
BTC,BTC-0095,1,-12333.184617001003
BTC,BTC-0096,-1,-22459.193779453908
BTC,BTC-0097,1,-48004.83028144139
BTC,BTC-0098,-1,-30196.89207317314
BTC,BTC-0099,-1,83797.49458812752
BTC,BTC-0100,1,-29823.05891108777
BTC,BTC-0101,-1,79076.70256418671
BTC,BTC-0102,-1,-21028.151099864004
BTC,BTC-0103,1,-27955.159676574956
BTC,BTC-0104,-1,-3848.5464388545847
BTC,BTC-0105,-1,-19767.26996707623
BTC,BTC-0106,-1,
BTC,BTC-0107,1,29294.119408085277
BTC,BTC-0108,-1,-2870.5338752081857
BTC,BTC-0109,-1,105224.41992997247
SOL_USDC,SOL_USDC-0074,1,
SOL_USDC,SOL_USDC-0075,-1,-6511.521332086327
SOL_USDC,SOL_USDC-0076,-1,-20767.05056821016
SOL_USDC,SOL_USDC-0077,1,-34804.04945305889
SOL_USDC,SOL_USDC-0078,-1,17717.21958823941
SOL_USDC,SOL_USDC-0079,-1,-23954.323997302967
SOL_USDC,SOL_USDC-0080,-1,-80835.67422553108
SOL_USDC,SOL_USDC-0081,1,38778.936545051874
SOL_USDC,SOL_USDC-0082,-1,-126480.56646958871
SOL_USDC,SOL_USDC-0083,-1,-21383.251065265973
SOL_USDC,SOL_USDC-0084,-1,-10425.151053621354
SOL_USDC,SOL_USDC-0085,1,-28982.03061751975
SOL_USDC,SOL_USDC-0086,1,-2664.184870139403
SOL_USDC,SOL_USDC-0087,-1,
SOL_USDC,SOL_USDC-0088,1,48804.2767511911
SOL_USDC,SOL_USDC-0089,1,151014.97520385403
SOL_USDC,SOL_USDC-0090,1,-6867.586919278008
SOL_USDC,SOL_USDC-0091,-1,-5075.004116701247
SOL_USDC,SOL_USDC-0092,1,-12456.809136879292
SOL_USDC,SOL_USDC-0093,-1,-72617.6992590462
SOL_USDC,SOL_USDC-0094,1,-78344.12883770019
SOL_USDC,SOL_USDC-0095,-1,126987.25225541282
SOL_USDC,SOL_USDC-0096,-1,20740.678299251278
SOL_USDC,SOL_USDC-0097,1,67118.51236829632
SOL_USDC,SOL_USDC-0098,-1,-17934.91482896133
SOL_USDC,SOL_USDC-0099,-1,-15864.930149909816
SOL_USDC,SOL_USDC-0100,-1,
SOL_USDC,SOL_USDC-0101,-1,-15247.047725336593
SOL_USDC,SOL_USDC-0102,1,47124.25980562013
SOL_USDC,SOL_USDC-0103,-1,-4705.829083239112
SOL_USDC,SOL_USDC-0104,1,-12642.350467667915
SOL_USDC,SOL_USDC-0105,1,92161.5719506594
SOL_USDC,SOL_USDC-0106,-1,-27687.926331283303
SOL_USDC,SOL_USDC-0107,1,-27715.88778957392
SOL_USDC,SOL_USDC-0108,-1,161116.47531048887
SOL_USDC,SOL_USDC-0109,1,-10976.324967025292
SOL_USDC,SOL_USDC-0110,-1,144156.87501814985
SOL_USDC,SOL_USDC-0111,-1,-20893.112858960758
SOL_USDC,SOL_USDC-0112,-1,-22169.763901281185
SOL_USDC,SOL_USDC-0113,1,
SOL_USDC,SOL_USDC-0114,-1,13265.913087136081
SOL_USDC,SOL_USDC-0115,-1,
SOL_USDC,SOL_USDC-0116,1,-29593.14685131651
SOL_USDC,SOL_USDC-0117,-1,-17816.09087746532
SOL_USDC,SOL_USDC-0118,-1,15318.611707056958
SOL_USDC,SOL_USDC-0119,-1,
SOL_USDC,SOL_USDC-0120,1,-10639.0272004076
SOL_USDC,SOL_USDC-0121,-1,-21910.37573084247
SOL_USDC,SOL_USDC-0122,1,-10472.386000054386
SOL_USDC,SOL_USDC-0123,-1,75307.05626220902
SOL_USDC,SOL_USDC-0124,-1,-3771.9285326234335
SOL_USDC,SOL_USDC-0125,-1,-8177.179033606891
SOL_USDC,SOL_USDC-0126,-1,
