underlying,run_id,track,dir,spot_pnl,mode_a_pnl,mode_a_legs,mode_b_pnl,mode_b_coverage_skip,mode_a_skip_reason
BTC,BTC-0000,opt_delta,1,441460.5745721272,534684.4732022672,3,557801.5253579397,False,
BTC,BTC-0000,opt_budget,1,441460.5745721272,290688.6183663075,3,298647.319237881,False,
BTC,BTC-0001,opt_delta,1,,0.0,0,0.0,False,insufficient_dates
BTC,BTC-0001,opt_budget,1,,0.0,0,0.0,False,insufficient_dates
BTC,BTC-0002,opt_delta,1,,0.0,0,0.0,False,insufficient_dates
BTC,BTC-0002,opt_budget,1,,0.0,0,0.0,False,insufficient_dates
BTC,BTC-0003,opt_delta,1,156678.67719745284,140522.30514943707,2,149049.3775007499,False,
BTC,BTC-0003,opt_budget,1,156678.67719745284,59710.30476919141,2,62534.67147582534,False,
BTC,BTC-0004,opt_delta,1,28394.801573728768,-52579.51854572903,1,-33428.033340211805,False,
BTC,BTC-0004,opt_budget,1,28394.801573728768,-23817.271143820744,1,-15142.103919724377,False,
BTC,BTC-0005,opt_delta,1,3576.910602950823,-39878.381002909126,1,-39006.868659573425,False,
BTC,BTC-0005,opt_budget,1,3576.910602950823,-25906.684167831558,1,-25340.51286249401,False,
BTC,BTC-0006,opt_delta,-1,-65695.74725313799,-67230.52871827048,1,-65352.48505383296,False,
BTC,BTC-0006,opt_budget,-1,-65695.74725313799,-35343.47740128054,1,-34356.17899565865,False,
BTC,BTC-0007,opt_delta,-1,,0.0,0,0.0,False,insufficient_dates
BTC,BTC-0007,opt_budget,-1,,0.0,0,0.0,False,insufficient_dates
BTC,BTC-0008,opt_delta,1,-19692.900711623195,-11256.912650149114,1,-9118.296051495448,False,
BTC,BTC-0008,opt_budget,1,-19692.900711623195,-9686.403043966866,1,-7846.155813230604,False,
BTC,BTC-0009,opt_delta,-1,93741.11641870227,144234.36774450395,2,0.0,True,
BTC,BTC-0009,opt_budget,-1,93741.11641870227,72041.6354207191,2,0.0,True,
BTC,BTC-0010,opt_delta,-1,47963.49925632698,13401.13906583251,2,0.0,True,
BTC,BTC-0010,opt_budget,-1,47963.49925632698,4136.167161360037,2,0.0,True,
BTC,BTC-0011,opt_delta,1,90912.6904624488,137764.41386592243,2,134475.5541033804,False,
BTC,BTC-0011,opt_budget,1,90912.6904624488,102970.56895064177,2,101379.05718671903,False,
BTC,BTC-0012,opt_delta,1,,0.0,0,0.0,False,insufficient_dates
BTC,BTC-0012,opt_budget,1,,0.0,0,0.0,False,insufficient_dates
BTC,BTC-0013,opt_delta,1,-56414.066573239885,-49221.40402377287,1,-49205.48166423436,False,
BTC,BTC-0013,opt_budget,1,-56414.066573239885,-36599.45671037626,1,-36587.61735470946,False,
BTC,BTC-0014,opt_delta,-1,-53613.00849145626,-82175.17214820933,1,-81142.1053728585,False,
BTC,BTC-0014,opt_budget,-1,-53613.00849145626,-36934.831536744394,1,-36470.504583525806,False,
BTC,BTC-0015,opt_delta,1,82826.54988171949,88143.45522656698,2,89560.03164363085,False,
BTC,BTC-0015,opt_budget,1,82826.54988171949,67950.30072068675,2,68647.51865522383,False,
BTC,BTC-0016,opt_delta,-1,66125.58421942289,28540.788075619683,1,19136.485146860512,False,
BTC,BTC-0016,opt_budget,-1,66125.58421942289,14214.449945615088,1,9530.732281615503,False,
BTC,BTC-0017,opt_delta,-1,-12.384112167576177,133.07237890494952,1,-9437.48237916334,False,
BTC,BTC-0017,opt_budget,-1,-12.384112167576177,73.84844604348714,1,-5237.325837255453,False,
BTC,BTC-0018,opt_delta,-1,53608.520500190985,94446.56568408123,2,98221.82433037959,False,
BTC,BTC-0018,opt_budget,-1,53608.520500190985,48466.456274071585,2,51782.44812542257,False,
BTC,BTC-0019,opt_delta,1,-41449.398605561335,-44877.819612956206,1,-44948.56825641354,False,
BTC,BTC-0019,opt_budget,1,-41449.398605561335,-43233.23892724425,1,-43301.394934660595,False,
BTC,BTC-0020,opt_delta,-1,-84389.99222172414,-49432.23048778162,1,-46007.2488347492,False,
BTC,BTC-0020,opt_budget,-1,-84389.99222172414,-32841.161649360656,1,-30565.715548640306,False,
BTC,BTC-0021,opt_delta,1,-39952.1251568382,-42807.51031196225,1,-42185.71971044299,False,
BTC,BTC-0021,opt_budget,1,-39952.1251568382,-32850.88818407533,1,-32373.720197066505,False,
BTC,BTC-0022,opt_delta,-1,-52161.72075404675,0.0,0,0.0,False,no_option_entry
BTC,BTC-0022,opt_budget,-1,-52161.72075404675,0.0,0,0.0,False,no_option_entry
BTC,BTC-0023,opt_delta,-1,-31852.946779101887,-32750.079490737415,1,-30888.216209698716,False,
BTC,BTC-0023,opt_budget,-1,-31852.946779101887,-19724.74367390105,1,-18603.379190351523,False,
BTC,BTC-0024,opt_delta,1,25751.922974799163,-10188.186390078707,1,-6572.720032078396,False,
BTC,BTC-0024,opt_budget,1,25751.922974799163,-6088.135270811745,1,-3927.6478776865297,False,
BTC,BTC-0025,opt_delta,-1,6597.868364703753,-13010.95793323989,1,-10222.546668101004,False,
BTC,BTC-0025,opt_budget,-1,6597.868364703753,-12007.32091767534,1,-9434.001636898423,False,
BTC,BTC-0026,opt_delta,-1,96235.5996954304,221053.59673438434,2,222097.0552172546,False,
BTC,BTC-0026,opt_budget,-1,96235.5996954304,236943.3486824004,2,237891.31536544336,False,
BTC,BTC-0027,opt_delta,-1,-16127.124277067287,-35082.030749055935,1,-35031.21747718983,False,
BTC,BTC-0027,opt_budget,-1,-16127.124277067287,-24997.11179556198,1,-24960.905652120025,False,
BTC,BTC-0028,opt_delta,-1,126806.4347452192,340339.80080991925,2,0.0,True,
BTC,BTC-0028,opt_budget,-1,126806.4347452192,280866.36778712564,2,0.0,True,
BTC,BTC-0029,opt_delta,1,-40825.8834506084,-35081.418705828095,1,-34243.37308604014,False,
BTC,BTC-0029,opt_budget,1,-40825.8834506084,-22345.181258949822,1,-21811.3863906619,False,
BTC,BTC-0030,opt_delta,-1,,0.0,0,0.0,False,insufficient_dates
BTC,BTC-0030,opt_budget,-1,,0.0,0,0.0,False,insufficient_dates
BTC,BTC-0031,opt_delta,1,-62658.99694787659,-65683.18371528258,1,-65029.527051141486,False,
BTC,BTC-0031,opt_budget,1,-62658.99694787659,-49179.80867802708,1,-48690.387979071274,False,
BTC,BTC-0032,opt_delta,-1,2631.533888869036,-36956.118792519555,1,-37215.881203932506,False,
BTC,BTC-0032,opt_budget,-1,2631.533888869036,-18551.66573409179,1,-18682.064314469506,False,
BTC,BTC-0033,opt_delta,-1,-4066.303956549977,-52593.24482729074,1,-57018.6138844617,False,
BTC,BTC-0033,opt_budget,-1,-4066.303956549977,-37108.12800929899,1,-40230.52827194029,False,
BTC,BTC-0034,opt_delta,-1,-18547.155912563816,-45699.792102338564,1,-49383.1375230892,False,
BTC,BTC-0034,opt_budget,-1,-18547.155912563816,-36755.97799361951,1,-39718.46331357092,False,
BTC,BTC-0035,opt_delta,1,-44073.410177270765,-44627.528792186116,1,-45653.266150748306,False,
BTC,BTC-0035,opt_budget,1,-44073.410177270765,-40964.619264147455,1,-41906.166813288684,False,
BTC,BTC-0036,opt_delta,-1,-7205.148608468808,-117900.95205922375,2,-118402.52963681557,False,
BTC,BTC-0036,opt_budget,-1,-7205.148608468808,-75524.6619937454,2,-75968.77913292596,False,
BTC,BTC-0037,opt_delta,1,-21921.33490707876,-16336.004474861726,1,-13812.237463244772,False,
BTC,BTC-0037,opt_budget,1,-21921.33490707876,-27379.788800171573,1,-23149.855595559293,False,
BTC,BTC-0038,opt_delta,-1,-5718.356700009115,-56377.67671407235,1,-56377.67671407236,False,
BTC,BTC-0038,opt_budget,-1,-5718.356700009115,-48064.27540923246,1,-48064.275409232454,False,
BTC,BTC-0039,opt_delta,1,119033.34323166328,189084.43874854036,2,0.0,True,
BTC,BTC-0039,opt_budget,1,119033.34323166328,222577.6788680162,2,0.0,True,
BTC,BTC-0040,opt_delta,1,,0.0,0,0.0,False,insufficient_dates
BTC,BTC-0040,opt_budget,1,,0.0,0,0.0,False,insufficient_dates
BTC,BTC-0041,opt_delta,1,-41622.35024404918,-48636.3806161969,1,-49524.7581475498,False,
BTC,BTC-0041,opt_budget,1,-41622.35024404918,-46582.69900752416,1,-47433.56460697378,False,
BTC,BTC-0042,opt_delta,-1,-46341.19628824196,-26811.83187781201,1,-25512.998048970097,False,
BTC,BTC-0042,opt_budget,-1,-46341.19628824196,-23484.71146798191,1,-22347.051875969883,False,
BTC,BTC-0043,opt_delta,1,43216.73509387861,25681.97098868066,2,23932.356349035013,False,
BTC,BTC-0043,opt_budget,1,43216.73509387861,36889.03330743614,2,35155.31795601343,False,
BTC,BTC-0044,opt_delta,1,-24679.91038445332,-15820.780467473558,1,-19114.02066721543,False,
BTC,BTC-0044,opt_budget,1,-24679.91038445332,-16138.505146024074,1,-19497.882644491758,False,
BTC,BTC-0045,opt_delta,1,,0.0,0,0.0,False,insufficient_dates
BTC,BTC-0045,opt_budget,1,,0.0,0,0.0,False,insufficient_dates
BTC,BTC-0046,opt_delta,1,-32228.124761957937,-22125.362896337338,1,-21518.25587822747,False,
BTC,BTC-0046,opt_budget,1,-32228.124761957937,-30840.65832270634,1,-29994.40869513783,False,
BTC,BTC-0047,opt_delta,-1,-3228.085948572645,-31527.85687452908,1,-36150.60529112081,False,
BTC,BTC-0047,opt_budget,-1,-3228.085948572645,-33033.978827691906,1,-37877.56124837995,False,
BTC,BTC-0048,opt_delta,-1,-5712.889309929061,-7159.242777305376,1,-7992.1897508989505,False,
BTC,BTC-0048,opt_budget,-1,-5712.889309929061,-8926.353598194586,1,-9964.896282961705,False,
BTC,BTC-0049,opt_delta,-1,-12674.869805478529,7408.638902944651,1,4391.636869323695,False,
BTC,BTC-0049,opt_budget,-1,-12674.869805478529,9227.343799172697,1,5469.714986144863,False,
BTC,BTC-0050,opt_delta,-1,,0.0,0,0.0,False,insufficient_dates
BTC,BTC-0050,opt_budget,-1,,0.0,0,0.0,False,insufficient_dates
BTC,BTC-0051,opt_delta,1,-2516.4456935329154,-40524.694237031144,1,-44285.56818675873,False,
BTC,BTC-0051,opt_budget,1,-2516.4456935329154,-28476.446532237464,1,-31119.188888724846,False,
BTC,BTC-0052,opt_delta,1,-11199.483321247299,-13307.068855825302,1,-15192.991383851197,False,
BTC,BTC-0052,opt_budget,1,-11199.483321247299,-20889.07145236156,1,-23849.54087416858,False,
BTC,BTC-0053,opt_delta,-1,-8274.569994640182,-14642.165923804794,1,-18376.499260289344,False,
BTC,BTC-0053,opt_budget,-1,-8274.569994640182,-16131.680613285573,1,-20245.89930205045,False,
BTC,BTC-0054,opt_delta,-1,-909.4812713131223,4046.1861080537947,1,38.220256407983015,False,
BTC,BTC-0054,opt_budget,-1,-909.4812713131223,10566.04783284802,1,99.80684195089634,False,
BTC,BTC-0055,opt_delta,-1,36807.08914909236,52248.20937517301,2,53665.55396935651,False,
BTC,BTC-0055,opt_budget,-1,36807.08914909236,83209.94667185417,2,86386.48620627192,False,
BTC,BTC-0056,opt_delta,-1,-540.9091987379599,6304.54814501998,1,2208.0414719456417,False,
BTC,BTC-0056,opt_budget,-1,-540.9091987379599,11157.890201426391,1,3907.8271332778068,False,
BTC,BTC-0057,opt_delta,1,,0.0,0,0.0,False,insufficient_dates
BTC,BTC-0057,opt_budget,1,,0.0,0,0.0,False,insufficient_dates
BTC,BTC-0058,opt_delta,-1,-14913.277909991672,-14665.190665107373,1,-17494.624277915227,False,
BTC,BTC-0058,opt_budget,-1,-14913.277909991672,-18789.717715723124,1,-22414.9183758503,False,
BTC,BTC-0059,opt_delta,1,-20960.882384362118,-7842.329017981188,1,-11421.682136491036,False,
BTC,BTC-0059,opt_budget,1,-20960.882384362118,-9967.046195594452,1,-14516.151161827616,False,
BTC,BTC-0060,opt_delta,1,252796.6403666399,179069.19177572176,3,179069.19177572173,False,
BTC,BTC-0060,opt_budget,1,252796.6403666399,166775.56663118995,3,166775.5666311899,False,
BTC,BTC-0061,opt_delta,-1,-5568.690315203642,-20227.166019245065,1,-17937.95460699345,False,
BTC,BTC-0061,opt_budget,-1,-5568.690315203642,-31053.273605170274,1,-27538.816451009774,False,
BTC,BTC-0062,opt_delta,1,259930.53131770555,469869.6001936028,3,471221.7679749704,False,
BTC,BTC-0062,opt_budget,1,259930.53131770555,429747.0055680432,3,430397.78892132454,False,
BTC,BTC-0063,opt_delta,1,-16461.980956103198,-34304.536650623246,1,-37901.60308971588,False,
BTC,BTC-0063,opt_budget,1,-16461.980956103198,-25597.0528723115,1,-28281.079791678105,False,
BTC,BTC-0064,opt_delta,-1,-46537.00853194422,-39591.254544719806,1,-44198.62147855149,False,
BTC,BTC-0064,opt_budget,-1,-46537.00853194422,-28707.963815721323,1,-32048.80574516281,False,
BTC,BTC-0065,opt_delta,-1,2527.9972168319237,-7127.777236393864,1,12109.789230975359,False,
BTC,BTC-0065,opt_budget,-1,2527.9972168319237,-3980.940726911791,1,6763.448343722022,False,
BTC,BTC-0066,opt_delta,-1,-32462.594551333696,-26090.849099648436,1,-30909.659264143414,False,
BTC,BTC-0066,opt_budget,-1,-32462.594551333696,-25520.267711122804,1,-30233.695203547675,False,
BTC,BTC-0067,opt_delta,1,1933.8546177307235,-19184.0240211616,2,-20131.03486080487,False,
BTC,BTC-0067,opt_budget,1,1933.8546177307235,-17046.806805253393,2,-17885.295525749716,False,
BTC,BTC-0068,opt_delta,1,,0.0,0,0.0,False,insufficient_dates
BTC,BTC-0068,opt_budget,1,,0.0,0,0.0,False,insufficient_dates
BTC,BTC-0069,opt_delta,-1,11943.974602674247,-7837.154536445712,1,0.0,True,
BTC,BTC-0069,opt_budget,-1,11943.974602674247,-6686.612823762378,1,0.0,True,
BTC,BTC-0070,opt_delta,1,-10833.05216772615,-18981.165697917102,1,-21485.36367413745,False,
BTC,BTC-0070,opt_budget,1,-10833.05216772615,-20635.932973079256,1,-23358.445510561312,False,
BTC,BTC-0071,opt_delta,-1,-94866.40136003999,-59700.280884653985,1,-58619.27492089612,False,
BTC,BTC-0071,opt_budget,-1,-94866.40136003999,-47967.3176934504,1,-47098.763044733205,False,
BTC,BTC-0072,opt_delta,1,-31346.631462258487,-38541.07022258807,1,-37640.17448014808,False,
BTC,BTC-0072,opt_budget,1,-31346.631462258487,-34102.50330364158,1,-33305.35885862848,False,
BTC,BTC-0073,opt_delta,-1,-14395.489253194675,-25862.02460576146,1,-27817.92260885712,False,
BTC,BTC-0073,opt_budget,-1,-14395.489253194675,-26654.444139677234,1,-28670.271394547504,False,
BTC,BTC-0074,opt_delta,-1,,0.0,0,0.0,False,insufficient_dates
BTC,BTC-0074,opt_budget,-1,,0.0,0,0.0,False,insufficient_dates
BTC,BTC-0075,opt_delta,1,-18486.68061254916,-22588.050398350322,1,-24369.25221814622,False,
BTC,BTC-0075,opt_budget,1,-18486.68061254916,-17091.284800890437,1,-18439.034033476677,False,
BTC,BTC-0076,opt_delta,1,-15458.874414583344,-26416.500198094756,1,-25568.733222958486,False,
BTC,BTC-0076,opt_budget,1,-15458.874414583344,-18248.29824189738,1,-17662.667878832348,False,
BTC,BTC-0077,opt_delta,1,272222.70662445796,480398.46557874646,3,0.0,True,
BTC,BTC-0077,opt_budget,1,272222.70662445796,510992.9653726435,3,0.0,True,
BTC,BTC-0078,opt_delta,1,,0.0,0,0.0,False,insufficient_dates
BTC,BTC-0078,opt_budget,1,,0.0,0,0.0,False,insufficient_dates
BTC,BTC-0079,opt_delta,1,-19177.373642160223,-16888.84950045487,1,-14608.778833714165,False,
BTC,BTC-0079,opt_budget,1,-19177.373642160223,-12020.932693605218,1,-10398.052696905894,False,
BTC,BTC-0080,opt_delta,-1,-23981.54871909264,-13464.179143223275,1,-24162.489829066875,False,
BTC,BTC-0080,opt_budget,-1,-23981.54871909264,-9746.449720359204,1,-17490.742638864922,False,
BTC,BTC-0081,opt_delta,1,-36423.90699600002,-22280.167713859562,1,-21010.27756490317,False,
BTC,BTC-0081,opt_budget,1,-36423.90699600002,-16425.376177625338,1,-15489.188278649423,False,
BTC,BTC-0082,opt_delta,-1,-11378.773367983144,-5687.703673415728,1,-11511.023576137295,False,
BTC,BTC-0082,opt_budget,-1,-11378.773367983144,-6874.279073647645,1,-13912.466793155589,False,
BTC,BTC-0083,opt_delta,1,-31875.713371734553,-40593.19745033459,1,-40271.21159660719,False,
BTC,BTC-0083,opt_budget,1,-31875.713371734553,-36156.80083305368,1,-35870.00454413048,False,
BTC,BTC-0084,opt_delta,-1,45725.52085016872,22535.82697386006,3,22728.626458647625,False,
BTC,BTC-0084,opt_budget,-1,45725.52085016872,22078.2134933942,3,22389.319229386034,False,
BTC,BTC-0085,opt_delta,-1,-351.75487371457984,5287.0069336563065,1,5783.700085956425,False,
BTC,BTC-0085,opt_budget,-1,-351.75487371457984,5225.553808374674,1,5716.4736853797385,False,
BTC,BTC-0086,opt_delta,-1,-9495.104972581243,-16260.250684976381,1,-16480.956175254025,False,
BTC,BTC-0086,opt_budget,-1,-9495.104972581243,-17646.994022101855,1,-17886.52221530327,False,
BTC,BTC-0087,opt_delta,1,118018.89359226983,128845.35198516531,2,125218.82446422853,False,
BTC,BTC-0087,opt_budget,1,118018.89359226983,94898.43010205512,2,89955.99674654442,False,
BTC,BTC-0088,opt_delta,1,-11345.608211395776,-8417.594392617695,1,-6521.963432655033,False,
BTC,BTC-0088,opt_budget,1,-11345.608211395776,-7002.523375852143,1,-5425.564509698044,False,
BTC,BTC-0089,opt_delta,-1,-26413.667672244323,-19144.505036138784,1,-20537.424077274944,False,
BTC,BTC-0089,opt_budget,-1,-26413.667672244323,-20325.191945832823,1,-21804.01559902495,False,
BTC,BTC-0090,opt_delta,1,27766.855045618006,24464.946400620865,2,25478.443788454635,False,
BTC,BTC-0090,opt_budget,1,27766.855045618006,27713.997419098232,2,28845.696026948124,False,
BTC,BTC-0091,opt_delta,1,-6324.667946868118,-3224.2255517630256,1,-5379.518144028138,False,
BTC,BTC-0091,opt_budget,1,-6324.667946868118,-6073.1485780567455,1,-10132.8559192053,False,
BTC,BTC-0092,opt_delta,-1,,0.0,0,0.0,False,insufficient_dates
BTC,BTC-0092,opt_budget,-1,,0.0,0,0.0,False,insufficient_dates
BTC,BTC-0093,opt_delta,-1,5164.412110878639,4756.950622197037,1,3661.6802957500986,False,
BTC,BTC-0093,opt_budget,-1,5164.412110878639,7501.722597419157,1,5774.478652558784,False,
BTC,BTC-0094,opt_delta,-1,,0.0,0,0.0,False,insufficient_dates
BTC,BTC-0094,opt_budget,-1,,0.0,0,0.0,False,insufficient_dates
BTC,BTC-0095,opt_delta,1,-12333.184617001003,0.0,0,0.0,False,no_option_entry
BTC,BTC-0095,opt_budget,1,-12333.184617001003,0.0,0,0.0,False,no_option_entry
BTC,BTC-0096,opt_delta,-1,-22459.193779453908,-21295.586656240535,1,-21011.514096043193,False,
BTC,BTC-0096,opt_budget,-1,-22459.193779453908,-31582.549172079336,1,-31161.2536357931,False,
BTC,BTC-0097,opt_delta,1,-48004.83028144139,-31167.04011669659,1,-30183.15453370617,False,
BTC,BTC-0097,opt_budget,1,-48004.83028144139,-35118.90407870856,1,-34010.26548857968,False,
BTC,BTC-0098,opt_delta,-1,-30196.89207317314,-28792.013136177728,1,-29949.786792572646,False,
BTC,BTC-0098,opt_budget,-1,-30196.89207317314,-33868.90108104718,1,-35230.824655380726,False,
BTC,BTC-0099,opt_delta,-1,83797.49458812752,98912.11921905956,3,100253.75865020932,False,
BTC,BTC-0099,opt_budget,-1,83797.49458812752,79492.5986418585,3,82030.84569957046,False,
BTC,BTC-0100,opt_delta,1,-29823.05891108777,-33478.0647993507,1,-33420.78554477304,False,
BTC,BTC-0100,opt_budget,1,-29823.05891108777,-48552.518750877236,1,-48469.44787749833,False,
BTC,BTC-0101,opt_delta,-1,79076.70256418671,144208.22993985756,2,0.0,True,
BTC,BTC-0101,opt_budget,-1,79076.70256418671,99346.31133686985,2,0.0,True,
BTC,BTC-0102,opt_delta,-1,-21028.151099864004,-19178.289061391843,1,-16988.559522622185,False,
BTC,BTC-0102,opt_budget,-1,-21028.151099864004,-17438.086157341655,1,-15447.04867552522,False,
BTC,BTC-0103,opt_delta,1,-27955.159676574956,-27707.10007559852,1,-31236.879776888338,False,
BTC,BTC-0103,opt_budget,1,-27955.159676574956,-24095.340248290326,1,-27164.995415089637,False,
BTC,BTC-0104,opt_delta,-1,-3848.5464388545847,-28800.59458671763,1,-29060.17215708119,False,
BTC,BTC-0104,opt_budget,-1,-3848.5464388545847,-21917.68806305414,1,-22115.23051997333,False,
BTC,BTC-0105,opt_delta,-1,-19767.26996707623,-23004.193871339867,1,-27585.665095397424,False,
BTC,BTC-0105,opt_budget,-1,-19767.26996707623,-23349.358932061514,1,-27999.572569006512,False,
BTC,BTC-0106,opt_delta,-1,,0.0,0,0.0,False,insufficient_dates
BTC,BTC-0106,opt_budget,-1,,0.0,0,0.0,False,insufficient_dates
BTC,BTC-0107,opt_delta,1,29294.119408085277,15430.722107868729,2,14362.05372152694,False,
BTC,BTC-0107,opt_budget,1,29294.119408085277,17192.467378476133,2,15356.984934916742,False,
BTC,BTC-0108,opt_delta,-1,-2870.5338752081857,-8578.921860184822,1,-7455.962931507429,False,
BTC,BTC-0108,opt_budget,-1,-2870.5338752081857,-10454.976644981409,1,-9086.446943471512,False,
BTC,BTC-0109,opt_delta,-1,105224.41992997247,191392.49394124962,1,191392.4939412496,False,
BTC,BTC-0109,opt_budget,-1,105224.41992997247,242966.00322570253,1,242966.00322570253,False,
SOL_USDC,SOL_USDC-0074,opt_delta,1,,0.0,0,0.0,False,insufficient_dates
SOL_USDC,SOL_USDC-0074,opt_budget,1,,0.0,0,0.0,False,insufficient_dates
SOL_USDC,SOL_USDC-0075,opt_delta,-1,-6511.521332086327,0.0,0,0.0,False,no_option_entry
SOL_USDC,SOL_USDC-0075,opt_budget,-1,-6511.521332086327,0.0,0,0.0,False,no_option_entry
SOL_USDC,SOL_USDC-0076,opt_delta,-1,-20767.05056821016,-54467.062186225696,1,-52708.83670267099,False,
SOL_USDC,SOL_USDC-0076,opt_budget,-1,-20767.05056821016,-27375.427184143482,1,-26491.733961737045,False,
SOL_USDC,SOL_USDC-0077,opt_delta,1,-34804.04945305889,0.0,0,0.0,False,no_option_entry
SOL_USDC,SOL_USDC-0077,opt_budget,1,-34804.04945305889,0.0,0,0.0,False,no_option_entry
SOL_USDC,SOL_USDC-0078,opt_delta,-1,17717.21958823941,0.0,0,0.0,False,no_option_entry
SOL_USDC,SOL_USDC-0078,opt_budget,-1,17717.21958823941,0.0,0,0.0,False,no_option_entry
SOL_USDC,SOL_USDC-0079,opt_delta,-1,-23954.323997302967,-7243.131874319115,1,832.8385647153546,False,
SOL_USDC,SOL_USDC-0079,opt_budget,-1,-23954.323997302967,-4772.657607923413,1,548.7754994705854,False,
SOL_USDC,SOL_USDC-0080,opt_delta,-1,-80835.67422553108,-59492.19719800292,1,-54333.39619952949,False,
SOL_USDC,SOL_USDC-0080,opt_budget,-1,-80835.67422553108,-36851.325307003004,1,-33655.80282266588,False,
SOL_USDC,SOL_USDC-0081,opt_delta,1,38778.936545051874,0.0,0,0.0,False,no_option_entry
SOL_USDC,SOL_USDC-0081,opt_budget,1,38778.936545051874,0.0,0,0.0,False,no_option_entry
SOL_USDC,SOL_USDC-0082,opt_delta,-1,-126480.56646958871,-61579.77360824361,1,-44101.72891136416,False,
SOL_USDC,SOL_USDC-0082,opt_budget,-1,-126480.56646958871,-25649.017445227724,1,-18369.116155062566,False,
SOL_USDC,SOL_USDC-0083,opt_delta,-1,-21383.251065265973,0.0,0,0.0,False,no_option_entry
SOL_USDC,SOL_USDC-0083,opt_budget,-1,-21383.251065265973,0.0,0,0.0,False,no_option_entry
SOL_USDC,SOL_USDC-0084,opt_delta,-1,-10425.151053621354,-43175.94497403337,1,0.0,True,
SOL_USDC,SOL_USDC-0084,opt_budget,-1,-10425.151053621354,-21761.38488643483,1,0.0,True,
SOL_USDC,SOL_USDC-0085,opt_delta,1,-28982.03061751975,-47588.51213084649,1,-50132.5866165795,False,
SOL_USDC,SOL_USDC-0085,opt_budget,1,-28982.03061751975,-27211.89596681964,1,-28666.63970932747,False,
SOL_USDC,SOL_USDC-0086,opt_delta,1,-2664.184870139403,0.0,0,0.0,False,no_option_entry
SOL_USDC,SOL_USDC-0086,opt_budget,1,-2664.184870139403,0.0,0,0.0,False,no_option_entry
SOL_USDC,SOL_USDC-0087,opt_delta,-1,,0.0,0,0.0,False,insufficient_dates
SOL_USDC,SOL_USDC-0087,opt_budget,-1,,0.0,0,0.0,False,insufficient_dates
SOL_USDC,SOL_USDC-0088,opt_delta,1,48804.2767511911,0.0,0,0.0,False,no_option_entry
SOL_USDC,SOL_USDC-0088,opt_budget,1,48804.2767511911,0.0,0,0.0,False,no_option_entry
SOL_USDC,SOL_USDC-0089,opt_delta,1,151014.97520385403,355145.08177418984,2,0.0,True,
SOL_USDC,SOL_USDC-0089,opt_budget,1,151014.97520385403,283827.8163928974,2,0.0,True,
SOL_USDC,SOL_USDC-0090,opt_delta,1,-6867.586919278008,0.0,0,0.0,False,no_option_entry
SOL_USDC,SOL_USDC-0090,opt_budget,1,-6867.586919278008,0.0,0,0.0,False,no_option_entry
SOL_USDC,SOL_USDC-0091,opt_delta,-1,-5075.004116701247,0.0,0,0.0,False,no_option_entry
SOL_USDC,SOL_USDC-0091,opt_budget,-1,-5075.004116701247,0.0,0,0.0,False,no_option_entry
SOL_USDC,SOL_USDC-0092,opt_delta,1,-12456.809136879292,-50315.355893264736,1,-50001.82036923754,False,
SOL_USDC,SOL_USDC-0092,opt_budget,1,-12456.809136879292,-25909.245190392066,1,-25747.794106052108,False,
SOL_USDC,SOL_USDC-0093,opt_delta,-1,-72617.6992590462,-32345.54049793067,1,-38194.97043578357,False,
SOL_USDC,SOL_USDC-0093,opt_budget,-1,-72617.6992590462,-20526.996705931117,1,-24239.13838659227,False,
SOL_USDC,SOL_USDC-0094,opt_delta,1,-78344.12883770019,-112898.53037984637,1,-110962.42006539505,False,
SOL_USDC,SOL_USDC-0094,opt_budget,1,-78344.12883770019,-43700.19194139052,1,-42950.77215641579,False,
SOL_USDC,SOL_USDC-0095,opt_delta,-1,126987.25225541282,116958.74695143319,2,109978.03022238059,False,
SOL_USDC,SOL_USDC-0095,opt_budget,-1,126987.25225541282,54560.85442302571,2,50860.621490720616,False,
SOL_USDC,SOL_USDC-0096,opt_delta,-1,20740.678299251278,-3027.1090620174946,1,16551.60829470164,False,
SOL_USDC,SOL_USDC-0096,opt_budget,-1,20740.678299251278,-1723.8622675534716,1,9425.723494595593,False,
SOL_USDC,SOL_USDC-0097,opt_delta,1,67118.51236829632,18274.563437593664,1,0.0,True,
SOL_USDC,SOL_USDC-0097,opt_budget,1,67118.51236829632,8310.702390172599,1,0.0,True,
SOL_USDC,SOL_USDC-0098,opt_delta,-1,-17934.91482896133,-27071.66622676311,1,-27310.799247920804,False,
SOL_USDC,SOL_USDC-0098,opt_budget,-1,-17934.91482896133,-13816.26429132223,1,-13938.307943656815,False,
SOL_USDC,SOL_USDC-0099,opt_delta,-1,-15864.930149909816,-53961.37439423896,1,-48166.39763060691,False,
SOL_USDC,SOL_USDC-0099,opt_budget,-1,-15864.930149909816,-30747.99563300741,1,-27445.931476528825,False,
SOL_USDC,SOL_USDC-0100,opt_delta,-1,,0.0,0,0.0,False,insufficient_dates
SOL_USDC,SOL_USDC-0100,opt_budget,-1,,0.0,0,0.0,False,insufficient_dates
SOL_USDC,SOL_USDC-0101,opt_delta,-1,-15247.047725336593,-13817.300892192578,1,-11901.689106123564,False,
SOL_USDC,SOL_USDC-0101,opt_budget,-1,-15247.047725336593,-10247.784057811925,1,-8827.04522644386,False,
SOL_USDC,SOL_USDC-0102,opt_delta,1,47124.25980562013,0.0,0,0.0,False,no_option_entry
SOL_USDC,SOL_USDC-0102,opt_budget,1,47124.25980562013,0.0,0,0.0,False,no_option_entry
SOL_USDC,SOL_USDC-0103,opt_delta,-1,-4705.829083239112,-18287.4326146246,1,-13243.423672527639,False,
SOL_USDC,SOL_USDC-0103,opt_budget,-1,-4705.829083239112,-13388.80767093444,1,-9695.929231442447,False,
SOL_USDC,SOL_USDC-0104,opt_delta,1,-12642.350467667915,-19590.723489763674,1,2852.7658819731732,False,
SOL_USDC,SOL_USDC-0104,opt_budget,1,-12642.350467667915,-15671.401721502807,1,2282.0413027195536,False,
SOL_USDC,SOL_USDC-0105,opt_delta,1,92161.5719506594,32779.85723610045,1,0.0,True,
SOL_USDC,SOL_USDC-0105,opt_budget,1,92161.5719506594,14078.542662368476,1,0.0,True,
SOL_USDC,SOL_USDC-0106,opt_delta,-1,-27687.926331283303,-33501.62123037526,1,-29938.945862789064,False,
SOL_USDC,SOL_USDC-0106,opt_budget,-1,-27687.926331283303,-20199.70308595273,1,-18051.598547309404,False,
SOL_USDC,SOL_USDC-0107,opt_delta,1,-27715.88778957392,-38589.944509695204,1,-35555.95601771899,False,
SOL_USDC,SOL_USDC-0107,opt_budget,1,-27715.88778957392,-23147.76254859067,1,-21327.85723181111,False,
SOL_USDC,SOL_USDC-0108,opt_delta,-1,161116.47531048887,0.0,0,0.0,False,no_option_entry
SOL_USDC,SOL_USDC-0108,opt_budget,-1,161116.47531048887,0.0,0,0.0,False,no_option_entry
SOL_USDC,SOL_USDC-0109,opt_delta,1,-10976.324967025292,-40155.398026780196,1,-42666.98278363039,False,
SOL_USDC,SOL_USDC-0109,opt_budget,1,-10976.324967025292,-33600.32058777624,1,-35701.9073522072,False,
SOL_USDC,SOL_USDC-0110,opt_delta,-1,144156.87501814985,355624.1883863964,2,0.0,True,
SOL_USDC,SOL_USDC-0110,opt_budget,-1,144156.87501814985,267100.8233012234,2,0.0,True,
SOL_USDC,SOL_USDC-0111,opt_delta,-1,-20893.112858960758,-11914.986363161399,1,-32234.229673155678,False,
SOL_USDC,SOL_USDC-0111,opt_budget,-1,-20893.112858960758,-6429.4541463600035,1,-17393.935276968477,False,
SOL_USDC,SOL_USDC-0112,opt_delta,-1,-22169.763901281185,-44201.32065558646,1,-43529.880867971384,False,
SOL_USDC,SOL_USDC-0112,opt_budget,-1,-22169.763901281185,-22072.64290658051,1,-21737.348611172965,False,
SOL_USDC,SOL_USDC-0113,opt_delta,1,,0.0,0,0.0,False,insufficient_dates
SOL_USDC,SOL_USDC-0113,opt_budget,1,,0.0,0,0.0,False,insufficient_dates
SOL_USDC,SOL_USDC-0114,opt_delta,-1,13265.913087136081,4131.789565721733,1,-10365.78581298339,False,
SOL_USDC,SOL_USDC-0114,opt_budget,-1,13265.913087136081,2050.4438319920578,1,-5144.129739886704,False,
SOL_USDC,SOL_USDC-0115,opt_delta,-1,,0.0,0,0.0,False,insufficient_dates
SOL_USDC,SOL_USDC-0115,opt_budget,-1,,0.0,0,0.0,False,insufficient_dates
SOL_USDC,SOL_USDC-0116,opt_delta,1,-29593.14685131651,-37999.21633055334,1,-14535.77596183294,False,
SOL_USDC,SOL_USDC-0116,opt_budget,1,-29593.14685131651,-22582.172403025364,1,-8638.320220249749,False,
SOL_USDC,SOL_USDC-0117,opt_delta,-1,-17816.09087746532,-49782.66158152904,1,-47977.33187608088,False,
SOL_USDC,SOL_USDC-0117,opt_budget,-1,-17816.09087746532,-32287.54485142564,1,-31116.66201823667,False,
SOL_USDC,SOL_USDC-0118,opt_delta,-1,15318.611707056958,0.0,0,0.0,False,no_option_entry
SOL_USDC,SOL_USDC-0118,opt_budget,-1,15318.611707056958,0.0,0,0.0,False,no_option_entry
SOL_USDC,SOL_USDC-0119,opt_delta,-1,,0.0,0,0.0,False,insufficient_dates
SOL_USDC,SOL_USDC-0119,opt_budget,-1,,0.0,0,0.0,False,insufficient_dates
SOL_USDC,SOL_USDC-0120,opt_delta,1,-10639.0272004076,-17371.935794127116,1,-11443.009840690162,False,
SOL_USDC,SOL_USDC-0120,opt_budget,1,-10639.0272004076,-11773.271672048115,1,-7755.132484769497,False,
SOL_USDC,SOL_USDC-0121,opt_delta,-1,-21910.37573084247,-26586.838402046265,1,-17731.748924139076,False,
SOL_USDC,SOL_USDC-0121,opt_budget,-1,-21910.37573084247,-22003.46514049244,1,-14674.927249049275,False,
SOL_USDC,SOL_USDC-0122,opt_delta,1,-10472.386000054386,-23060.32888252772,1,-24904.204913255722,False,
SOL_USDC,SOL_USDC-0122,opt_budget,1,-10472.386000054386,-27388.831554567052,1,-29578.809428272776,False,
SOL_USDC,SOL_USDC-0123,opt_delta,-1,75307.05626220902,95046.3543913617,1,0.0,True,
SOL_USDC,SOL_USDC-0123,opt_budget,-1,75307.05626220902,69458.00471713682,1,0.0,True,
SOL_USDC,SOL_USDC-0124,opt_delta,-1,-3771.9285326234335,0.0,0,0.0,False,no_option_entry
SOL_USDC,SOL_USDC-0124,opt_budget,-1,-3771.9285326234335,0.0,0,0.0,False,no_option_entry
SOL_USDC,SOL_USDC-0125,opt_delta,-1,-8177.179033606891,0.0,0,0.0,False,no_option_entry
SOL_USDC,SOL_USDC-0125,opt_budget,-1,-8177.179033606891,0.0,0,0.0,False,no_option_entry
SOL_USDC,SOL_USDC-0126,opt_delta,-1,,0.0,0,0.0,False,insufficient_dates
SOL_USDC,SOL_USDC-0126,opt_budget,-1,,0.0,0,0.0,False,insufficient_dates
