,equity
2020-04-02 00:00:00+00:00,1000232.0118778782
2020-04-03 00:00:00+00:00,997956.6716466113
2020-04-04 00:00:00+00:00,1005412.2977814026
2020-04-05 00:00:00+00:00,1007040.105993698
2020-04-06 00:00:00+00:00,1004206.865080756
2020-04-07 00:00:00+00:00,1004096.2935562088
2020-04-08 00:00:00+00:00,1004316.5931613394
2020-04-09 00:00:00+00:00,1007832.9897146076
2020-04-10 00:00:00+00:00,1008838.400529344
2020-04-11 00:00:00+00:00,1013012.3378217753
2020-04-12 00:00:00+00:00,1014262.6729196201
2020-04-13 00:00:00+00:00,1012760.7296571782
2020-04-14 00:00:00+00:00,1014650.3530858435
2020-04-15 00:00:00+00:00,1016162.8133111362
2020-04-16 00:00:00+00:00,1013694.3166077093
2020-04-17 00:00:00+00:00,1016612.6950355055
2020-04-18 00:00:00+00:00,1016441.4416979991
2020-04-19 00:00:00+00:00,1017161.5370922234
2020-04-20 00:00:00+00:00,1015223.8452947722
2020-04-21 00:00:00+00:00,1017510.9015499098
2020-04-22 00:00:00+00:00,1016685.943641873
2020-04-23 00:00:00+00:00,1015893.1049445671
2020-04-24 00:00:00+00:00,1015576.3278478897
2020-04-25 00:00:00+00:00,1015576.3278478897
2020-04-26 00:00:00+00:00,1015576.3278478897
2020-04-27 00:00:00+00:00,1015576.3278478897
2020-04-28 00:00:00+00:00,1015576.3278478897
2020-04-29 00:00:00+00:00,1015576.3278478897
2020-04-30 00:00:00+00:00,1015576.3278478897
2020-05-01 00:00:00+00:00,1015576.3278478897
2020-05-02 00:00:00+00:00,1017224.9393675573
2020-05-03 00:00:00+00:00,1019369.4362672861
2020-05-04 00:00:00+00:00,1016990.6023471787
2020-05-05 00:00:00+00:00,1019542.8550037192
2020-05-06 00:00:00+00:00,1017525.2451754968
2020-05-07 00:00:00+00:00,1012801.5378929653
2020-05-08 00:00:00+00:00,1013115.6132515722
2020-05-09 00:00:00+00:00,1014498.1309451483
2020-05-10 00:00:00+00:00,999773.5653557903
2020-05-11 00:00:00+00:00,1000802.0380869973
2020-05-12 00:00:00+00:00,1012745.3914412326
2020-05-13 00:00:00+00:00,1011951.828834127
2020-05-14 00:00:00+00:00,1009661.164521866
2020-05-15 00:00:00+00:00,1007328.5327718509
2020-05-16 00:00:00+00:00,1011832.7677115892
2020-05-17 00:00:00+00:00,1013197.9149805951
2020-05-18 00:00:00+00:00,1011885.6211411045
2020-05-19 00:00:00+00:00,1014025.7442186492
2020-05-20 00:00:00+00:00,1014586.2173708746
2020-05-21 00:00:00+00:00,1016307.3763484635
2020-05-22 00:00:00+00:00,1019288.5142082251
2020-05-23 00:00:00+00:00,1021042.1380421345
2020-05-24 00:00:00+00:00,1018073.421238044
2020-05-25 00:00:00+00:00,1019094.348071529
2020-05-26 00:00:00+00:00,1021552.9257129945
2020-05-27 00:00:00+00:00,1020650.7093922022
2020-05-28 00:00:00+00:00,1019786.7920909191
2020-05-29 00:00:00+00:00,1019507.9319184041
2020-05-30 00:00:00+00:00,1019507.9319184041
2020-05-31 00:00:00+00:00,1019507.9319184041
2020-06-01 00:00:00+00:00,1019507.9319184041
2020-06-02 00:00:00+00:00,1019507.9319184041
2020-06-03 00:00:00+00:00,1019507.9319184041
2020-06-04 00:00:00+00:00,1019507.9319184041
2020-06-05 00:00:00+00:00,1019507.9319184041
2020-06-06 00:00:00+00:00,1019507.9319184041
2020-06-07 00:00:00+00:00,1019507.9319184041
2020-06-08 00:00:00+00:00,1019507.9319184041
2020-06-09 00:00:00+00:00,1019507.9319184041
2020-06-10 00:00:00+00:00,1019507.9319184041
2020-06-11 00:00:00+00:00,1019507.9319184041
2020-06-12 00:00:00+00:00,1019507.9319184041
2020-06-13 00:00:00+00:00,1019507.9319184041
2020-06-14 00:00:00+00:00,1019507.9319184041
2020-06-15 00:00:00+00:00,1019507.9319184041
2020-06-16 00:00:00+00:00,1019507.9319184041
2020-06-17 00:00:00+00:00,1019507.9319184041
2020-06-18 00:00:00+00:00,1019507.9319184041
2020-06-19 00:00:00+00:00,1019507.9319184041
2020-06-20 00:00:00+00:00,1019507.9319184041
2020-06-21 00:00:00+00:00,1019507.9319184041
2020-06-22 00:00:00+00:00,1019507.9319184041
2020-06-23 00:00:00+00:00,1019507.9319184041
2020-06-24 00:00:00+00:00,1019507.9319184041
2020-06-25 00:00:00+00:00,1019507.9319184041
2020-06-26 00:00:00+00:00,1019507.9319184041
2020-06-27 00:00:00+00:00,1019507.9319184041
2020-06-28 00:00:00+00:00,1019507.9319184041
2020-06-29 00:00:00+00:00,1019507.9319184041
2020-06-30 00:00:00+00:00,1019507.9319184041
2020-07-01 00:00:00+00:00,1019507.9319184041
2020-07-02 00:00:00+00:00,1019507.9319184041
2020-07-03 00:00:00+00:00,1019507.9319184041
2020-07-04 00:00:00+00:00,1019507.9319184041
2020-07-05 00:00:00+00:00,1019507.9319184041
2020-07-06 00:00:00+00:00,1019507.9319184041
2020-07-07 00:00:00+00:00,1019507.9319184041
2020-07-08 00:00:00+00:00,1019507.9319184041
2020-07-09 00:00:00+00:00,1019507.9319184041
2020-07-10 00:00:00+00:00,1019507.9319184041
2020-07-11 00:00:00+00:00,1019507.9319184041
2020-07-12 00:00:00+00:00,1019507.9319184041
2020-07-13 00:00:00+00:00,1019507.9319184041
2020-07-14 00:00:00+00:00,1019507.9319184041
2020-07-15 00:00:00+00:00,1019507.9319184041
2020-07-16 00:00:00+00:00,1019507.9319184041
2020-07-17 00:00:00+00:00,1019507.9319184041
2020-07-18 00:00:00+00:00,1019507.9319184041
2020-07-19 00:00:00+00:00,1019507.9319184041
2020-07-20 00:00:00+00:00,1019507.9319184041
2020-07-21 00:00:00+00:00,1019507.9319184041
2020-07-22 00:00:00+00:00,1019507.9319184041
2020-07-23 00:00:00+00:00,1019507.9319184041
2020-07-24 00:00:00+00:00,1019507.9319184041
2020-07-25 00:00:00+00:00,1019507.9319184041
2020-07-26 00:00:00+00:00,1019507.9319184041
2020-07-27 00:00:00+00:00,1019507.9319184041
2020-07-28 00:00:00+00:00,1019507.9319184041
2020-07-29 00:00:00+00:00,1019507.9319184041
2020-07-30 00:00:00+00:00,1019507.9319184041
2020-07-31 00:00:00+00:00,1019507.9319184041
2020-08-01 00:00:00+00:00,1019507.9319184041
2020-08-02 00:00:00+00:00,1019507.9319184041
2020-08-03 00:00:00+00:00,1019507.9319184041
2020-08-04 00:00:00+00:00,1019507.9319184041
2020-08-05 00:00:00+00:00,1019507.9319184041
2020-08-06 00:00:00+00:00,1019507.9319184041
2020-08-07 00:00:00+00:00,1019507.9319184041
2020-08-08 00:00:00+00:00,1019507.9319184041
2020-08-09 00:00:00+00:00,1019507.9319184041
2020-08-10 00:00:00+00:00,1019507.9319184041
2020-08-11 00:00:00+00:00,1019507.9319184041
2020-08-12 00:00:00+00:00,1019507.9319184041
2020-08-13 00:00:00+00:00,1019507.9319184041
2020-08-14 00:00:00+00:00,1019507.9319184041
2020-08-15 00:00:00+00:00,1019507.9319184041
2020-08-16 00:00:00+00:00,1019507.9319184041
2020-08-17 00:00:00+00:00,1019507.9319184041
2020-08-18 00:00:00+00:00,1019507.9319184041
2020-08-19 00:00:00+00:00,1019507.9319184041
2020-08-20 00:00:00+00:00,1019507.9319184041
2020-08-21 00:00:00+00:00,1019507.9319184041
2020-08-22 00:00:00+00:00,1019507.9319184041
2020-08-23 00:00:00+00:00,1019507.9319184041
2020-08-24 00:00:00+00:00,1019507.9319184041
2020-08-25 00:00:00+00:00,1019507.9319184041
2020-08-26 00:00:00+00:00,1019507.9319184041
2020-08-27 00:00:00+00:00,1019507.9319184041
2020-08-28 00:00:00+00:00,1019507.9319184041
2020-08-29 00:00:00+00:00,1019507.9319184041
2020-08-30 00:00:00+00:00,1019507.9319184041
2020-08-31 00:00:00+00:00,1019507.9319184041
2020-09-01 00:00:00+00:00,1019507.9319184041
2020-09-02 00:00:00+00:00,1019507.9319184041
2020-09-03 00:00:00+00:00,1019507.9319184041
2020-09-04 00:00:00+00:00,1019507.9319184041
2020-09-05 00:00:00+00:00,1019507.9319184041
2020-09-06 00:00:00+00:00,1019507.9319184041
2020-09-07 00:00:00+00:00,1019507.9319184041
2020-09-08 00:00:00+00:00,1019507.9319184041
2020-09-09 00:00:00+00:00,1019507.9319184041
2020-09-10 00:00:00+00:00,1019507.9319184041
2020-09-11 00:00:00+00:00,1019507.9319184041
2020-09-12 00:00:00+00:00,1019507.9319184041
2020-09-13 00:00:00+00:00,1019507.9319184041
2020-09-14 00:00:00+00:00,1019507.9319184041
2020-09-15 00:00:00+00:00,1019507.9319184041
2020-09-16 00:00:00+00:00,1019507.9319184041
2020-09-17 00:00:00+00:00,1019507.9319184041
2020-09-18 00:00:00+00:00,1019507.9319184041
2020-09-19 00:00:00+00:00,1019507.9319184041
2020-09-20 00:00:00+00:00,1019507.9319184041
2020-09-21 00:00:00+00:00,1019507.9319184041
2020-09-22 00:00:00+00:00,1019507.9319184041
2020-09-23 00:00:00+00:00,1019507.9319184041
2020-09-24 00:00:00+00:00,1019507.9319184041
2020-09-25 00:00:00+00:00,1019507.9319184041
2020-09-26 00:00:00+00:00,1019507.9319184041
2020-09-27 00:00:00+00:00,1019507.9319184041
2020-09-28 00:00:00+00:00,1019507.9319184041
2020-09-29 00:00:00+00:00,1019507.9319184041
2020-09-30 00:00:00+00:00,1019507.9319184041
2020-10-01 00:00:00+00:00,1019507.9319184041
2020-10-02 00:00:00+00:00,1019507.9319184041
2020-10-03 00:00:00+00:00,1019507.9319184041
2020-10-04 00:00:00+00:00,1019507.9319184041
2020-10-05 00:00:00+00:00,1019507.9319184041
2020-10-06 00:00:00+00:00,1019507.9319184041
2020-10-07 00:00:00+00:00,1019507.9319184041
2020-10-08 00:00:00+00:00,1019507.9319184041
2020-10-09 00:00:00+00:00,1019507.9319184041
2020-10-10 00:00:00+00:00,1019507.9319184041
2020-10-11 00:00:00+00:00,1019507.9319184041
2020-10-12 00:00:00+00:00,1019507.9319184041
2020-10-13 00:00:00+00:00,1019507.9319184041
2020-10-14 00:00:00+00:00,1019507.9319184041
2020-10-15 00:00:00+00:00,1019507.9319184041
2020-10-16 00:00:00+00:00,1019507.9319184041
2020-10-17 00:00:00+00:00,1019507.9319184041
2020-10-18 00:00:00+00:00,1019507.9319184041
2020-10-19 00:00:00+00:00,1019507.9319184041
2020-10-20 00:00:00+00:00,1019507.9319184041
2020-10-21 00:00:00+00:00,1019507.9319184041
2020-10-22 00:00:00+00:00,1019507.9319184041
2020-10-23 00:00:00+00:00,1019507.9319184041
2020-10-24 00:00:00+00:00,1019507.9319184041
2020-10-25 00:00:00+00:00,1019507.9319184041
2020-10-26 00:00:00+00:00,1019507.9319184041
2020-10-27 00:00:00+00:00,1019507.9319184041
2020-10-28 00:00:00+00:00,1019507.9319184041
2020-10-29 00:00:00+00:00,1019507.9319184041
2020-10-30 00:00:00+00:00,1019507.9319184041
2020-10-31 00:00:00+00:00,1019507.9319184041
2020-11-01 00:00:00+00:00,1019507.9319184041
2020-11-02 00:00:00+00:00,1019507.9319184041
2020-11-03 00:00:00+00:00,1019507.9319184041
2020-11-04 00:00:00+00:00,1019507.9319184041
2020-11-05 00:00:00+00:00,1019507.9319184041
2020-11-06 00:00:00+00:00,1019507.9319184041
2020-11-07 00:00:00+00:00,1019507.9319184041
2020-11-08 00:00:00+00:00,1019507.9319184041
2020-11-09 00:00:00+00:00,1019507.9319184041
2020-11-10 00:00:00+00:00,1019507.9319184041
2020-11-11 00:00:00+00:00,1019507.9319184041
2020-11-12 00:00:00+00:00,1019507.9319184041
2020-11-13 00:00:00+00:00,1019507.9319184041
2020-11-14 00:00:00+00:00,1019507.9319184041
2020-11-15 00:00:00+00:00,1019507.9319184041
2020-11-16 00:00:00+00:00,1019507.9319184041
2020-11-17 00:00:00+00:00,1019507.9319184041
2020-11-18 00:00:00+00:00,1019507.9319184041
2020-11-19 00:00:00+00:00,1019507.9319184041
2020-11-20 00:00:00+00:00,1019507.9319184041
2020-11-21 00:00:00+00:00,1019507.9319184041
2020-11-22 00:00:00+00:00,1019507.9319184041
2020-11-23 00:00:00+00:00,1019507.9319184041
2020-11-24 00:00:00+00:00,1019507.9319184041
2020-11-25 00:00:00+00:00,1019507.9319184041
2020-11-26 00:00:00+00:00,1019507.9319184041
2020-11-27 00:00:00+00:00,1019507.9319184041
2020-11-28 00:00:00+00:00,1019507.9319184041
2020-11-29 00:00:00+00:00,1019507.9319184041
2020-11-30 00:00:00+00:00,1019507.9319184041
2020-12-01 00:00:00+00:00,1019507.9319184041
2020-12-02 00:00:00+00:00,1031867.7049159225
2020-12-03 00:00:00+00:00,1036368.2581317257
2020-12-04 00:00:00+00:00,1034258.533232587
2020-12-05 00:00:00+00:00,1034691.2754217909
2020-12-06 00:00:00+00:00,1036383.0175098636
2020-12-07 00:00:00+00:00,1036740.1191726787
2020-12-08 00:00:00+00:00,1036438.779035233
2020-12-09 00:00:00+00:00,1038091.0514567965
2020-12-10 00:00:00+00:00,1039940.3370929617
2020-12-11 00:00:00+00:00,1040580.6557198914
2020-12-12 00:00:00+00:00,1040800.7762506423
2020-12-13 00:00:00+00:00,1044701.6203510731
2020-12-14 00:00:00+00:00,1043523.8079050805
2020-12-15 00:00:00+00:00,1043844.3605253428
2020-12-16 00:00:00+00:00,1030683.359998767
2020-12-17 00:00:00+00:00,1024527.0252438501
2020-12-18 00:00:00+00:00,1026023.1463479619
2020-12-19 00:00:00+00:00,1025692.4287183654
2020-12-20 00:00:00+00:00,1025980.1645198319
2020-12-21 00:00:00+00:00,1026684.8511583919
2020-12-22 00:00:00+00:00,1025807.8595470242
2020-12-23 00:00:00+00:00,1025971.8585183541
2020-12-24 00:00:00+00:00,1025860.7684842976
2020-12-25 00:00:00+00:00,1025525.7835593076
2020-12-26 00:00:00+00:00,1025525.7835593076
2020-12-27 00:00:00+00:00,1025525.7835593076
2020-12-28 00:00:00+00:00,1025525.7835593076
2020-12-29 00:00:00+00:00,1025525.7835593076
2020-12-30 00:00:00+00:00,1025525.7835593076
2020-12-31 00:00:00+00:00,1025525.7835593076
2021-01-01 00:00:00+00:00,1025525.7835593076
2021-01-02 00:00:00+00:00,1022111.1912815258
2021-01-03 00:00:00+00:00,1014905.820655165
2021-01-04 00:00:00+00:00,1013713.1640876235
2021-01-05 00:00:00+00:00,1014276.660619265
2021-01-06 00:00:00+00:00,1009327.2492538336
2021-01-07 00:00:00+00:00,1002663.9992107002
2021-01-08 00:00:00+00:00,1002586.0833167239
2021-01-09 00:00:00+00:00,1002744.1555044254
2021-01-10 00:00:00+00:00,998597.1813956241
2021-01-11 00:00:00+00:00,1004463.6763353099
2021-01-12 00:00:00+00:00,1005528.9398562348
2021-01-13 00:00:00+00:00,1004406.2202740919
2021-01-14 00:00:00+00:00,1002981.1484777809
2021-01-15 00:00:00+00:00,1003354.0756783444
2021-01-16 00:00:00+00:00,1006860.1632305075
2021-01-17 00:00:00+00:00,1011254.8020228154
2021-01-18 00:00:00+00:00,1012877.7448733568
2021-01-19 00:00:00+00:00,1013493.4302008573
2021-01-20 00:00:00+00:00,1014579.7068612315
2021-01-21 00:00:00+00:00,1011682.7642406971
2021-01-22 00:00:00+00:00,1007235.3022953443
2021-01-23 00:00:00+00:00,1007235.3022953443
2021-01-24 00:00:00+00:00,1007235.3022953443
2021-01-25 00:00:00+00:00,1007235.3022953443
2021-01-26 00:00:00+00:00,1007235.3022953443
2021-01-27 00:00:00+00:00,1007235.3022953443
2021-01-28 00:00:00+00:00,1007235.3022953443
2021-01-29 00:00:00+00:00,1007235.3022953443
2021-01-30 00:00:00+00:00,1007235.3022953443
2021-01-31 00:00:00+00:00,1007235.3022953443
2021-02-01 00:00:00+00:00,1007235.3022953443
2021-02-02 00:00:00+00:00,1013674.2463309015
2021-02-03 00:00:00+00:00,1013824.8747357478
2021-02-04 00:00:00+00:00,1016664.8785581555
2021-02-05 00:00:00+00:00,1016448.3710779841
2021-02-06 00:00:00+00:00,1016928.9271382699
2021-02-07 00:00:00+00:00,1016674.1443403304
2021-02-08 00:00:00+00:00,995415.1575247782
2021-02-09 00:00:00+00:00,992944.0949849745
2021-02-10 00:00:00+00:00,999773.5957202412
2021-02-11 00:00:00+00:00,999885.2302597985
2021-02-12 00:00:00+00:00,1002135.9745791166
2021-02-13 00:00:00+00:00,1003139.571652968
2021-02-14 00:00:00+00:00,1002708.2478202451
2021-02-15 00:00:00+00:00,1003656.0270601993
2021-02-16 00:00:00+00:00,1003418.8478750652
2021-02-17 00:00:00+00:00,1003147.2438828502
2021-02-18 00:00:00+00:00,1003320.9682780008
2021-02-19 00:00:00+00:00,1003031.8262002717
2021-02-20 00:00:00+00:00,1002862.8356612521
2021-02-21 00:00:00+00:00,1002692.6515533647
2021-02-22 00:00:00+00:00,1002517.2170184535
2021-02-23 00:00:00+00:00,1002251.2808062424
2021-02-24 00:00:00+00:00,1002166.3584150884
2021-02-25 00:00:00+00:00,1002015.8491336075
2021-02-26 00:00:00+00:00,1001637.7644523472
2021-02-27 00:00:00+00:00,1001637.7644523472
2021-02-28 00:00:00+00:00,1001637.7644523472
2021-03-01 00:00:00+00:00,1001637.7644523472
2021-03-02 00:00:00+00:00,1001637.7644523472
2021-03-03 00:00:00+00:00,1024043.3856354489
2021-03-04 00:00:00+00:00,1024083.5208378485
2021-03-05 00:00:00+00:00,1022696.1827907912
2021-03-06 00:00:00+00:00,1025338.4489659233
2021-03-07 00:00:00+00:00,1026328.9970910938
2021-03-08 00:00:00+00:00,1027749.2214525242
2021-03-09 00:00:00+00:00,1027702.676536541
2021-03-10 00:00:00+00:00,1028777.8340512989
2021-03-11 00:00:00+00:00,1028018.9195119537
2021-03-12 00:00:00+00:00,1029411.4235974441
2021-03-13 00:00:00+00:00,1027500.1374247066
2021-03-14 00:00:00+00:00,1028619.2591153355
2021-03-15 00:00:00+00:00,1028306.9987807994
2021-03-16 00:00:00+00:00,1029475.3469480233
2021-03-17 00:00:00+00:00,1029367.7435316049
2021-03-18 00:00:00+00:00,1030648.4712263511
2021-03-19 00:00:00+00:00,1031281.9935100256
2021-03-20 00:00:00+00:00,1031580.1764505137
2021-03-21 00:00:00+00:00,1031784.2421812599
2021-03-22 00:00:00+00:00,1031586.9251756774
2021-03-23 00:00:00+00:00,1031611.795477883
2021-03-24 00:00:00+00:00,1031618.1699565348
2021-03-25 00:00:00+00:00,1031737.8575234127
2021-03-26 00:00:00+00:00,1030980.9115013176
2021-03-27 00:00:00+00:00,1030980.9115013176
2021-03-28 00:00:00+00:00,1030980.9115013176
2021-03-29 00:00:00+00:00,1030980.9115013176
2021-03-30 00:00:00+00:00,1030980.9115013176
2021-03-31 00:00:00+00:00,1030980.9115013176
2021-04-01 00:00:00+00:00,1030980.9115013176
2021-04-02 00:00:00+00:00,1035574.5063949035
2021-04-03 00:00:00+00:00,1033542.7473093148
2021-04-04 00:00:00+00:00,1034750.3525509245
2021-04-05 00:00:00+00:00,1035946.8428838872
2021-04-06 00:00:00+00:00,1036491.3611680525
2021-04-07 00:00:00+00:00,1037707.0020429816
2021-04-08 00:00:00+00:00,1043675.3798467005
2021-04-09 00:00:00+00:00,1043134.7986049121
2021-04-10 00:00:00+00:00,1039724.2382613992
2021-04-11 00:00:00+00:00,1039127.5518621521
2021-04-12 00:00:00+00:00,1040481.7823204092
2021-04-13 00:00:00+00:00,1033790.4450008385
2021-04-14 00:00:00+00:00,1037015.9420265114
2021-04-15 00:00:00+00:00,1041584.4895947922
2021-04-16 00:00:00+00:00,1044486.4900788616
2021-04-17 00:00:00+00:00,1046338.1140461897
2021-04-18 00:00:00+00:00,1036122.1512798411
2021-04-19 00:00:00+00:00,1039531.5540616899
2021-04-20 00:00:00+00:00,1041004.7386311111
2021-04-21 00:00:00+00:00,1040789.2541657153
2021-04-22 00:00:00+00:00,1039791.081564232
2021-04-23 00:00:00+00:00,1037811.193950088
2021-04-24 00:00:00+00:00,1038801.5270246972
2021-04-25 00:00:00+00:00,1039390.282906815
2021-04-26 00:00:00+00:00,1038614.9723656669
2021-04-27 00:00:00+00:00,1040068.6156968917
2021-04-28 00:00:00+00:00,1040903.3675583239
2021-04-29 00:00:00+00:00,1040941.6939139189
2021-04-30 00:00:00+00:00,1040858.1289018492
2021-05-01 00:00:00+00:00,1040858.1289018492
2021-05-02 00:00:00+00:00,1040858.1289018492
2021-05-03 00:00:00+00:00,1040858.1289018492
2021-05-04 00:00:00+00:00,1040858.1289018492
2021-05-05 00:00:00+00:00,1040858.1289018492
2021-05-06 00:00:00+00:00,1040858.1289018492
2021-05-07 00:00:00+00:00,1040858.1289018492
2021-05-08 00:00:00+00:00,1040858.1289018492
2021-05-09 00:00:00+00:00,1040858.1289018492
2021-05-10 00:00:00+00:00,1040858.1289018492
2021-05-11 00:00:00+00:00,1040858.1289018492
2021-05-12 00:00:00+00:00,1040858.1289018492
2021-05-13 00:00:00+00:00,1040858.1289018492
2021-05-14 00:00:00+00:00,1040858.1289018492
2021-05-15 00:00:00+00:00,1040858.1289018492
2021-05-16 00:00:00+00:00,1040858.1289018492
2021-05-17 00:00:00+00:00,1040858.1289018492
2021-05-18 00:00:00+00:00,1040858.1289018492
2021-05-19 00:00:00+00:00,1040858.1289018492
2021-05-20 00:00:00+00:00,1040858.1289018492
2021-05-21 00:00:00+00:00,1040858.1289018492
2021-05-22 00:00:00+00:00,1040858.1289018492
2021-05-23 00:00:00+00:00,1040858.1289018492
2021-05-24 00:00:00+00:00,1040858.1289018492
2021-05-25 00:00:00+00:00,1040858.1289018492
2021-05-26 00:00:00+00:00,1040858.1289018492
2021-05-27 00:00:00+00:00,1040858.1289018492
2021-05-28 00:00:00+00:00,1040858.1289018492
2021-05-29 00:00:00+00:00,1040858.1289018492
2021-05-30 00:00:00+00:00,1040858.1289018492
2021-05-31 00:00:00+00:00,1040858.1289018492
2021-06-01 00:00:00+00:00,1040858.1289018492
2021-06-02 00:00:00+00:00,1045837.4318500258
2021-06-03 00:00:00+00:00,1050235.7729684254
2021-06-04 00:00:00+00:00,1045890.3468847242
2021-06-05 00:00:00+00:00,1045153.7113948067
2021-06-06 00:00:00+00:00,1045219.5469400065
2021-06-07 00:00:00+00:00,1046186.8875908927
2021-06-08 00:00:00+00:00,1041552.7337927371
2021-06-09 00:00:00+00:00,1039918.5685100527
2021-06-10 00:00:00+00:00,1044711.636541192
2021-06-11 00:00:00+00:00,1047256.0691699738
2021-06-12 00:00:00+00:00,1046226.4253477935
2021-06-13 00:00:00+00:00,1039648.8611537027
2021-06-14 00:00:00+00:00,1038129.1092293067
2021-06-15 00:00:00+00:00,1042302.3503358341
2021-06-16 00:00:00+00:00,1042614.3001237573
2021-06-17 00:00:00+00:00,1045782.1690033393
2021-06-18 00:00:00+00:00,1042233.396229297
2021-06-19 00:00:00+00:00,1046078.0401141362
2021-06-20 00:00:00+00:00,1045352.8999801296
2021-06-21 00:00:00+00:00,1031750.5122458535
2021-06-22 00:00:00+00:00,1032541.8633833224
2021-06-23 00:00:00+00:00,1037466.9125417909
2021-06-24 00:00:00+00:00,1041209.3137696709
2021-06-25 00:00:00+00:00,1032216.704733191
2021-06-26 00:00:00+00:00,1032216.704733191
2021-06-27 00:00:00+00:00,1032216.704733191
2021-06-28 00:00:00+00:00,1032216.704733191
2021-06-29 00:00:00+00:00,1032216.704733191
2021-06-30 00:00:00+00:00,1032216.704733191
2021-07-01 00:00:00+00:00,1032216.704733191
2021-07-02 00:00:00+00:00,1035776.1485106741
2021-07-03 00:00:00+00:00,1038338.7857792957
2021-07-04 00:00:00+00:00,1040886.0246294901
2021-07-05 00:00:00+00:00,1040479.6112933015
2021-07-06 00:00:00+00:00,1041656.6650426287
2021-07-07 00:00:00+00:00,1044199.246060857
2021-07-08 00:00:00+00:00,1045868.3486786208
2021-07-09 00:00:00+00:00,1047317.001798901
2021-07-10 00:00:00+00:00,1050329.3042553219
2021-07-11 00:00:00+00:00,1051067.351663176
2021-07-12 00:00:00+00:00,1051559.9920028513
2021-07-13 00:00:00+00:00,1051913.2798713513
2021-07-14 00:00:00+00:00,1051703.686663542
2021-07-15 00:00:00+00:00,1054554.5297164666
2021-07-16 00:00:00+00:00,1055743.0265298677
2021-07-17 00:00:00+00:00,1058101.9043702395
2021-07-18 00:00:00+00:00,1060053.6468807438
2021-07-19 00:00:00+00:00,1058903.8087488892
2021-07-20 00:00:00+00:00,1056201.2381505934
2021-07-21 00:00:00+00:00,1057077.2992260007
2021-07-22 00:00:00+00:00,1059976.4379161403
2021-07-23 00:00:00+00:00,1062585.764299698
2021-07-24 00:00:00+00:00,1063905.554076964
2021-07-25 00:00:00+00:00,1063795.9501414453
2021-07-26 00:00:00+00:00,1058033.0655207525
2021-07-27 00:00:00+00:00,1055944.4990646325
2021-07-28 00:00:00+00:00,1056171.5909535629
2021-07-29 00:00:00+00:00,1056520.291002237
2021-07-30 00:00:00+00:00,1056097.1541428664
2021-07-31 00:00:00+00:00,1056097.1541428664
2021-08-01 00:00:00+00:00,1056097.1541428664
2021-08-02 00:00:00+00:00,1055017.667771063
2021-08-03 00:00:00+00:00,1055904.1387508342
2021-08-04 00:00:00+00:00,1055389.1638404059
2021-08-05 00:00:00+00:00,1054101.9846207807
2021-08-06 00:00:00+00:00,1054564.5735065208
2021-08-07 00:00:00+00:00,1053723.0867593742
2021-08-08 00:00:00+00:00,1053866.696185878
2021-08-09 00:00:00+00:00,1049029.7949607356
2021-08-10 00:00:00+00:00,1049831.1949288703
2021-08-11 00:00:00+00:00,1055468.1274562222
2021-08-12 00:00:00+00:00,1058125.6961575318
2021-08-13 00:00:00+00:00,1055370.0588472534
2021-08-14 00:00:00+00:00,1055280.2840441235
2021-08-15 00:00:00+00:00,1057653.7484000386
2021-08-16 00:00:00+00:00,1058445.8247432413
2021-08-17 00:00:00+00:00,1060083.5393770656
2021-08-18 00:00:00+00:00,1062330.828686403
2021-08-19 00:00:00+00:00,1062109.2654316095
2021-08-20 00:00:00+00:00,1060966.6502764248
2021-08-21 00:00:00+00:00,1061728.385020895
2021-08-22 00:00:00+00:00,1061571.4087576843
2021-08-23 00:00:00+00:00,1062270.115748477
2021-08-24 00:00:00+00:00,1062828.4283475825
2021-08-25 00:00:00+00:00,1062716.6908456106
2021-08-26 00:00:00+00:00,1062816.931657225
2021-08-27 00:00:00+00:00,1062270.9689845825
2021-08-28 00:00:00+00:00,1062270.9689845825
2021-08-29 00:00:00+00:00,1062270.9689845825
2021-08-30 00:00:00+00:00,1062270.9689845825
2021-08-31 00:00:00+00:00,1062270.9689845825
2021-09-01 00:00:00+00:00,1062270.9689845825
2021-09-02 00:00:00+00:00,1061153.3779068405
2021-09-03 00:00:00+00:00,1065149.568574381
2021-09-04 00:00:00+00:00,1067311.5986027422
2021-09-05 00:00:00+00:00,1066113.734919711
2021-09-06 00:00:00+00:00,1067035.974049913
2021-09-07 00:00:00+00:00,1056859.4284975005
2021-09-08 00:00:00+00:00,1058575.316467636
2021-09-09 00:00:00+00:00,1060964.7265060428
2021-09-10 00:00:00+00:00,1062584.7020064325
2021-09-11 00:00:00+00:00,1064912.1299525658
2021-09-12 00:00:00+00:00,1066152.7361385194
2021-09-13 00:00:00+00:00,1065238.1459961494
2021-09-14 00:00:00+00:00,1065950.1792628453
2021-09-15 00:00:00+00:00,1068592.2748040594
2021-09-16 00:00:00+00:00,1072695.558937824
2021-09-17 00:00:00+00:00,1074955.1776914771
2021-09-18 00:00:00+00:00,1076369.211866014
2021-09-19 00:00:00+00:00,1077489.409440247
2021-09-20 00:00:00+00:00,1064113.0792381964
2021-09-21 00:00:00+00:00,1063048.1716136092
2021-09-22 00:00:00+00:00,1063229.2652760213
2021-09-23 00:00:00+00:00,1065559.7369477127
2021-09-24 00:00:00+00:00,1064367.3328029134
2021-09-25 00:00:00+00:00,1064367.3328029134
2021-09-26 00:00:00+00:00,1064367.3328029134
2021-09-27 00:00:00+00:00,1064367.3328029134
2021-09-28 00:00:00+00:00,1064367.3328029134
2021-09-29 00:00:00+00:00,1064367.3328029134
2021-09-30 00:00:00+00:00,1064367.3328029134
2021-10-01 00:00:00+00:00,1064367.3328029134
2021-10-02 00:00:00+00:00,1055458.4040778552
2021-10-03 00:00:00+00:00,1055825.5437413962
2021-10-04 00:00:00+00:00,1055547.924344869
2021-10-05 00:00:00+00:00,1052848.7669422873
2021-10-06 00:00:00+00:00,1051318.5034341337
2021-10-07 00:00:00+00:00,1051920.9117147834
2021-10-08 00:00:00+00:00,1052792.670109007
2021-10-09 00:00:00+00:00,1053422.8770975822
2021-10-10 00:00:00+00:00,1053762.979914897
2021-10-11 00:00:00+00:00,1053090.4898652185
2021-10-12 00:00:00+00:00,1052819.2041872777
2021-10-13 00:00:00+00:00,1052787.2006478538
2021-10-14 00:00:00+00:00,1052224.8947415878
2021-10-15 00:00:00+00:00,1051200.2028072318
2021-10-16 00:00:00+00:00,1051597.1502663346
2021-10-17 00:00:00+00:00,1051487.2808299449
2021-10-18 00:00:00+00:00,1051355.2282178395
2021-10-19 00:00:00+00:00,1051214.216959331
2021-10-20 00:00:00+00:00,1051069.4928924832
2021-10-21 00:00:00+00:00,1050920.8316422098
2021-10-22 00:00:00+00:00,1050553.0047814415
2021-10-23 00:00:00+00:00,1050553.0047814415
2021-10-24 00:00:00+00:00,1050553.0047814415
2021-10-25 00:00:00+00:00,1050553.0047814415
2021-10-26 00:00:00+00:00,1050553.0047814415
2021-10-27 00:00:00+00:00,1050553.0047814415
2021-10-28 00:00:00+00:00,1050553.0047814415
2021-10-29 00:00:00+00:00,1050553.0047814415
2021-10-30 00:00:00+00:00,1050553.0047814415
2021-10-31 00:00:00+00:00,1050553.0047814415
2021-11-01 00:00:00+00:00,1050553.0047814415
2021-11-02 00:00:00+00:00,1050412.6150608435
2021-11-03 00:00:00+00:00,1055906.4823993694
2021-11-04 00:00:00+00:00,1056230.4347057575
2021-11-05 00:00:00+00:00,1057938.0889037813
2021-11-06 00:00:00+00:00,1059841.1893872088
2021-11-07 00:00:00+00:00,1059111.2697429687
2021-11-08 00:00:00+00:00,1056628.5616796727
2021-11-09 00:00:00+00:00,1058372.8777291058
2021-11-10 00:00:00+00:00,1058094.8074610352
2021-11-11 00:00:00+00:00,1060849.772263343
2021-11-12 00:00:00+00:00,1060061.4771332233
2021-11-13 00:00:00+00:00,1062446.5798302717
2021-11-14 00:00:00+00:00,1064290.7898154403
2021-11-15 00:00:00+00:00,1065521.7285207044
2021-11-16 00:00:00+00:00,1062267.4976384044
2021-11-17 00:00:00+00:00,1064566.6261677104
2021-11-18 00:00:00+00:00,1063067.9097696107
2021-11-19 00:00:00+00:00,1064943.1710709026
2021-11-20 00:00:00+00:00,1067765.9325223255
2021-11-21 00:00:00+00:00,1069173.5165457285
2021-11-22 00:00:00+00:00,1067909.7492036545
2021-11-23 00:00:00+00:00,1068878.4395774924
2021-11-24 00:00:00+00:00,1070069.3555206
2021-11-25 00:00:00+00:00,1072478.1621584862
2021-11-26 00:00:00+00:00,1066493.4308915888
2021-11-27 00:00:00+00:00,1066493.4308915888
2021-11-28 00:00:00+00:00,1066493.4308915888
2021-11-29 00:00:00+00:00,1066493.4308915888
2021-11-30 00:00:00+00:00,1066493.4308915888
2021-12-01 00:00:00+00:00,1066493.4308915888
2021-12-02 00:00:00+00:00,1066493.4308915888
2021-12-03 00:00:00+00:00,1065414.3882447972
2021-12-04 00:00:00+00:00,1058945.9957477264
2021-12-05 00:00:00+00:00,1060650.428734898
2021-12-06 00:00:00+00:00,1061785.2098458142
2021-12-07 00:00:00+00:00,1063180.1165774232
2021-12-08 00:00:00+00:00,1064520.6328069612
2021-12-09 00:00:00+00:00,1062991.9975583008
2021-12-10 00:00:00+00:00,1063332.3252960441
2021-12-11 00:00:00+00:00,1063507.0346083583
2021-12-12 00:00:00+00:00,1064790.9869499616
2021-12-13 00:00:00+00:00,1063087.5763007442
2021-12-14 00:00:00+00:00,1063848.6325982874
2021-12-15 00:00:00+00:00,1065099.4692770084
2021-12-16 00:00:00+00:00,1065495.2840067777
2021-12-17 00:00:00+00:00,1065587.8102296218
2021-12-18 00:00:00+00:00,1065801.7215980021
2021-12-19 00:00:00+00:00,1066028.3593352847
2021-12-20 00:00:00+00:00,1066150.8681618697
2021-12-21 00:00:00+00:00,1066281.4084602876
2021-12-22 00:00:00+00:00,1066454.205555963
2021-12-23 00:00:00+00:00,1066578.5129037474
2021-12-24 00:00:00+00:00,1066526.5621253299
2021-12-25 00:00:00+00:00,1066526.5621253299
2021-12-26 00:00:00+00:00,1066526.5621253299
2021-12-27 00:00:00+00:00,1066526.5621253299
2021-12-28 00:00:00+00:00,1066526.5621253299
2021-12-29 00:00:00+00:00,1066526.5621253299
2021-12-30 00:00:00+00:00,1066526.5621253299
2021-12-31 00:00:00+00:00,1066526.5621253299
2022-01-01 00:00:00+00:00,1066526.5621253299
2022-01-02 00:00:00+00:00,1066526.5621253299
2022-01-03 00:00:00+00:00,1066526.5621253299
2022-01-04 00:00:00+00:00,1066526.5621253299
2022-01-05 00:00:00+00:00,1066526.5621253299
2022-01-06 00:00:00+00:00,1066526.5621253299
2022-01-07 00:00:00+00:00,1066526.5621253299
2022-01-08 00:00:00+00:00,1066526.5621253299
2022-01-09 00:00:00+00:00,1066526.5621253299
2022-01-10 00:00:00+00:00,1066526.5621253299
2022-01-11 00:00:00+00:00,1066526.5621253299
2022-01-12 00:00:00+00:00,1066526.5621253299
2022-01-13 00:00:00+00:00,1066526.5621253299
2022-01-14 00:00:00+00:00,1066526.5621253299
2022-01-15 00:00:00+00:00,1066526.5621253299
2022-01-16 00:00:00+00:00,1066526.5621253299
2022-01-17 00:00:00+00:00,1066526.5621253299
2022-01-18 00:00:00+00:00,1066526.5621253299
2022-01-19 00:00:00+00:00,1066526.5621253299
2022-01-20 00:00:00+00:00,1066526.5621253299
2022-01-21 00:00:00+00:00,1066526.5621253299
2022-01-22 00:00:00+00:00,1066526.5621253299
2022-01-23 00:00:00+00:00,1066526.5621253299
2022-01-24 00:00:00+00:00,1066526.5621253299
2022-01-25 00:00:00+00:00,1066526.5621253299
2022-01-26 00:00:00+00:00,1066526.5621253299
2022-01-27 00:00:00+00:00,1066526.5621253299
2022-01-28 00:00:00+00:00,1066526.5621253299
2022-01-29 00:00:00+00:00,1066526.5621253299
2022-01-30 00:00:00+00:00,1066526.5621253299
2022-01-31 00:00:00+00:00,1066526.5621253299
2022-02-01 00:00:00+00:00,1066526.5621253299
2022-02-02 00:00:00+00:00,1066526.5621253299
2022-02-03 00:00:00+00:00,1066526.5621253299
2022-02-04 00:00:00+00:00,1066526.5621253299
2022-02-05 00:00:00+00:00,1066526.5621253299
2022-02-06 00:00:00+00:00,1066526.5621253299
2022-02-07 00:00:00+00:00,1066526.5621253299
2022-02-08 00:00:00+00:00,1066526.5621253299
2022-02-09 00:00:00+00:00,1066526.5621253299
2022-02-10 00:00:00+00:00,1066526.5621253299
2022-02-11 00:00:00+00:00,1066526.5621253299
2022-02-12 00:00:00+00:00,1066526.5621253299
2022-02-13 00:00:00+00:00,1066526.5621253299
2022-02-14 00:00:00+00:00,1066526.5621253299
2022-02-15 00:00:00+00:00,1066526.5621253299
2022-02-16 00:00:00+00:00,1066526.5621253299
2022-02-17 00:00:00+00:00,1066526.5621253299
2022-02-18 00:00:00+00:00,1066526.5621253299
2022-02-19 00:00:00+00:00,1066526.5621253299
2022-02-20 00:00:00+00:00,1066526.5621253299
2022-02-21 00:00:00+00:00,1066526.5621253299
2022-02-22 00:00:00+00:00,1066526.5621253299
2022-02-23 00:00:00+00:00,1066526.5621253299
2022-02-24 00:00:00+00:00,1066526.5621253299
2022-02-25 00:00:00+00:00,1066526.5621253299
2022-02-26 00:00:00+00:00,1066526.5621253299
2022-02-27 00:00:00+00:00,1066526.5621253299
2022-02-28 00:00:00+00:00,1066526.5621253299
2022-03-01 00:00:00+00:00,1066526.5621253299
2022-03-02 00:00:00+00:00,1066526.5621253299
2022-03-03 00:00:00+00:00,1066526.5621253299
2022-03-04 00:00:00+00:00,1066526.5621253299
2022-03-05 00:00:00+00:00,1066526.5621253299
2022-03-06 00:00:00+00:00,1066526.5621253299
2022-03-07 00:00:00+00:00,1066526.5621253299
2022-03-08 00:00:00+00:00,1066526.5621253299
2022-03-09 00:00:00+00:00,1066526.5621253299
2022-03-10 00:00:00+00:00,1066526.5621253299
2022-03-11 00:00:00+00:00,1066526.5621253299
2022-03-12 00:00:00+00:00,1066526.5621253299
2022-03-13 00:00:00+00:00,1066526.5621253299
2022-03-14 00:00:00+00:00,1066526.5621253299
2022-03-15 00:00:00+00:00,1066526.5621253299
2022-03-16 00:00:00+00:00,1066526.5621253299
2022-03-17 00:00:00+00:00,1066526.5621253299
2022-03-18 00:00:00+00:00,1066526.5621253299
2022-03-19 00:00:00+00:00,1066526.5621253299
2022-03-20 00:00:00+00:00,1066526.5621253299
2022-03-21 00:00:00+00:00,1066526.5621253299
2022-03-22 00:00:00+00:00,1066526.5621253299
2022-03-23 00:00:00+00:00,1066526.5621253299
2022-03-24 00:00:00+00:00,1066526.5621253299
2022-03-25 00:00:00+00:00,1066526.5621253299
2022-03-26 00:00:00+00:00,1066526.5621253299
2022-03-27 00:00:00+00:00,1066526.5621253299
2022-03-28 00:00:00+00:00,1066526.5621253299
2022-03-29 00:00:00+00:00,1066526.5621253299
2022-03-30 00:00:00+00:00,1066526.5621253299
2022-03-31 00:00:00+00:00,1066526.5621253299
2022-04-01 00:00:00+00:00,1066526.5621253299
2022-04-02 00:00:00+00:00,1066526.5621253299
2022-04-03 00:00:00+00:00,1066526.5621253299
2022-04-04 00:00:00+00:00,1066526.5621253299
2022-04-05 00:00:00+00:00,1066526.5621253299
2022-04-06 00:00:00+00:00,1066526.5621253299
2022-04-07 00:00:00+00:00,1066526.5621253299
2022-04-08 00:00:00+00:00,1066526.5621253299
2022-04-09 00:00:00+00:00,1066526.5621253299
2022-04-10 00:00:00+00:00,1066526.5621253299
2022-04-11 00:00:00+00:00,1066526.5621253299
2022-04-12 00:00:00+00:00,1066526.5621253299
2022-04-13 00:00:00+00:00,1066526.5621253299
2022-04-14 00:00:00+00:00,1066526.5621253299
2022-04-15 00:00:00+00:00,1066526.5621253299
2022-04-16 00:00:00+00:00,1066526.5621253299
2022-04-17 00:00:00+00:00,1066526.5621253299
2022-04-18 00:00:00+00:00,1066526.5621253299
2022-04-19 00:00:00+00:00,1066526.5621253299
2022-04-20 00:00:00+00:00,1066526.5621253299
2022-04-21 00:00:00+00:00,1066526.5621253299
2022-04-22 00:00:00+00:00,1066526.5621253299
2022-04-23 00:00:00+00:00,1066526.5621253299
2022-04-24 00:00:00+00:00,1066526.5621253299
2022-04-25 00:00:00+00:00,1066526.5621253299
2022-04-26 00:00:00+00:00,1066526.5621253299
2022-04-27 00:00:00+00:00,1066526.5621253299
2022-04-28 00:00:00+00:00,1066526.5621253299
2022-04-29 00:00:00+00:00,1066526.5621253299
2022-04-30 00:00:00+00:00,1066526.5621253299
2022-05-01 00:00:00+00:00,1066526.5621253299
2022-05-02 00:00:00+00:00,1066526.5621253299
2022-05-03 00:00:00+00:00,1066526.5621253299
2022-05-04 00:00:00+00:00,1066526.5621253299
2022-05-05 00:00:00+00:00,1066526.5621253299
2022-05-06 00:00:00+00:00,1066526.5621253299
2022-05-07 00:00:00+00:00,1066526.5621253299
2022-05-08 00:00:00+00:00,1066526.5621253299
2022-05-09 00:00:00+00:00,1066526.5621253299
2022-05-10 00:00:00+00:00,1066526.5621253299
2022-05-11 00:00:00+00:00,1066526.5621253299
2022-05-12 00:00:00+00:00,1066526.5621253299
2022-05-13 00:00:00+00:00,1066526.5621253299
2022-05-14 00:00:00+00:00,1066526.5621253299
2022-05-15 00:00:00+00:00,1066526.5621253299
2022-05-16 00:00:00+00:00,1066526.5621253299
2022-05-17 00:00:00+00:00,1066526.5621253299
2022-05-18 00:00:00+00:00,1066526.5621253299
2022-05-19 00:00:00+00:00,1066526.5621253299
2022-05-20 00:00:00+00:00,1066526.5621253299
2022-05-21 00:00:00+00:00,1066526.5621253299
2022-05-22 00:00:00+00:00,1066526.5621253299
2022-05-23 00:00:00+00:00,1066526.5621253299
2022-05-24 00:00:00+00:00,1066526.5621253299
2022-05-25 00:00:00+00:00,1066526.5621253299
2022-05-26 00:00:00+00:00,1066526.5621253299
2022-05-27 00:00:00+00:00,1066526.5621253299
2022-05-28 00:00:00+00:00,1066526.5621253299
2022-05-29 00:00:00+00:00,1066526.5621253299
2022-05-30 00:00:00+00:00,1066526.5621253299
2022-05-31 00:00:00+00:00,1066526.5621253299
2022-06-01 00:00:00+00:00,1066526.5621253299
2022-06-02 00:00:00+00:00,1066526.5621253299
2022-06-03 00:00:00+00:00,1066526.5621253299
2022-06-04 00:00:00+00:00,1066526.5621253299
2022-06-05 00:00:00+00:00,1066526.5621253299
2022-06-06 00:00:00+00:00,1066526.5621253299
2022-06-07 00:00:00+00:00,1066526.5621253299
2022-06-08 00:00:00+00:00,1066526.5621253299
2022-06-09 00:00:00+00:00,1066526.5621253299
2022-06-10 00:00:00+00:00,1066526.5621253299
2022-06-11 00:00:00+00:00,1066526.5621253299
2022-06-12 00:00:00+00:00,1066526.5621253299
2022-06-13 00:00:00+00:00,1066526.5621253299
2022-06-14 00:00:00+00:00,1066526.5621253299
2022-06-15 00:00:00+00:00,1066526.5621253299
2022-06-16 00:00:00+00:00,1066526.5621253299
2022-06-17 00:00:00+00:00,1066526.5621253299
2022-06-18 00:00:00+00:00,1066526.5621253299
2022-06-19 00:00:00+00:00,1066526.5621253299
2022-06-20 00:00:00+00:00,1066526.5621253299
2022-06-21 00:00:00+00:00,1066526.5621253299
2022-06-22 00:00:00+00:00,1066526.5621253299
2022-06-23 00:00:00+00:00,1066526.5621253299
2022-06-24 00:00:00+00:00,1066526.5621253299
2022-06-25 00:00:00+00:00,1066526.5621253299
2022-06-26 00:00:00+00:00,1066526.5621253299
2022-06-27 00:00:00+00:00,1066526.5621253299
2022-06-28 00:00:00+00:00,1066526.5621253299
2022-06-29 00:00:00+00:00,1066526.5621253299
2022-06-30 00:00:00+00:00,1066526.5621253299
2022-07-01 00:00:00+00:00,1066526.5621253299
2022-07-02 00:00:00+00:00,1070148.7570667623
2022-07-03 00:00:00+00:00,1069796.1860684801
2022-07-04 00:00:00+00:00,1072159.462449013
2022-07-05 00:00:00+00:00,1074949.6280895583
2022-07-06 00:00:00+00:00,1077230.9724512221
2022-07-07 00:00:00+00:00,1076608.8719940828
2022-07-08 00:00:00+00:00,1078067.4555655676
2022-07-09 00:00:00+00:00,1082244.3813844821
2022-07-10 00:00:00+00:00,1081861.7530655689
2022-07-11 00:00:00+00:00,1079356.4224550684
2022-07-12 00:00:00+00:00,1077655.0288949003
2022-07-13 00:00:00+00:00,1075653.0174475866
2022-07-14 00:00:00+00:00,1077490.9413225625
2022-07-15 00:00:00+00:00,1081745.9785929502
2022-07-16 00:00:00+00:00,1081973.4211956328
2022-07-17 00:00:00+00:00,1080956.5925601048
2022-07-18 00:00:00+00:00,1076504.4020104122
2022-07-19 00:00:00+00:00,1075295.2097296864
2022-07-20 00:00:00+00:00,1075489.393743305
2022-07-21 00:00:00+00:00,1076904.2968697888
2022-07-22 00:00:00+00:00,1077504.8282968872
2022-07-23 00:00:00+00:00,1078857.939118664
2022-07-24 00:00:00+00:00,1079481.4738590235
2022-07-25 00:00:00+00:00,1078328.2465775106
2022-07-26 00:00:00+00:00,1080077.596793518
2022-07-27 00:00:00+00:00,1075013.837630165
2022-07-28 00:00:00+00:00,1074756.4041144124
2022-07-29 00:00:00+00:00,1074436.1450978604
2022-07-30 00:00:00+00:00,1074436.1450978604
2022-07-31 00:00:00+00:00,1074436.1450978604
2022-08-01 00:00:00+00:00,1074436.1450978604
2022-08-02 00:00:00+00:00,1074436.1450978604
2022-08-03 00:00:00+00:00,1074436.1450978604
2022-08-04 00:00:00+00:00,1074436.1450978604
2022-08-05 00:00:00+00:00,1074436.1450978604
2022-08-06 00:00:00+00:00,1074436.1450978604
2022-08-07 00:00:00+00:00,1074436.1450978604
2022-08-08 00:00:00+00:00,1074436.1450978604
2022-08-09 00:00:00+00:00,1074436.1450978604
2022-08-10 00:00:00+00:00,1074436.1450978604
2022-08-11 00:00:00+00:00,1074436.1450978604
2022-08-12 00:00:00+00:00,1074436.1450978604
2022-08-13 00:00:00+00:00,1074436.1450978604
2022-08-14 00:00:00+00:00,1074436.1450978604
2022-08-15 00:00:00+00:00,1074436.1450978604
2022-08-16 00:00:00+00:00,1074436.1450978604
2022-08-17 00:00:00+00:00,1074436.1450978604
2022-08-18 00:00:00+00:00,1074436.1450978604
2022-08-19 00:00:00+00:00,1074436.1450978604
2022-08-20 00:00:00+00:00,1074436.1450978604
2022-08-21 00:00:00+00:00,1074436.1450978604
2022-08-22 00:00:00+00:00,1074436.1450978604
2022-08-23 00:00:00+00:00,1074436.1450978604
2022-08-24 00:00:00+00:00,1074436.1450978604
2022-08-25 00:00:00+00:00,1074436.1450978604
2022-08-26 00:00:00+00:00,1074436.1450978604
2022-08-27 00:00:00+00:00,1074436.1450978604
2022-08-28 00:00:00+00:00,1074436.1450978604
2022-08-29 00:00:00+00:00,1074436.1450978604
2022-08-30 00:00:00+00:00,1074436.1450978604
2022-08-31 00:00:00+00:00,1074436.1450978604
2022-09-01 00:00:00+00:00,1074436.1450978604
2022-09-02 00:00:00+00:00,1074436.1450978604
2022-09-03 00:00:00+00:00,1074436.1450978604
2022-09-04 00:00:00+00:00,1074436.1450978604
2022-09-05 00:00:00+00:00,1074436.1450978604
2022-09-06 00:00:00+00:00,1074436.1450978604
2022-09-07 00:00:00+00:00,1074436.1450978604
2022-09-08 00:00:00+00:00,1074436.1450978604
2022-09-09 00:00:00+00:00,1074436.1450978604
2022-09-10 00:00:00+00:00,1074436.1450978604
2022-09-11 00:00:00+00:00,1074436.1450978604
2022-09-12 00:00:00+00:00,1074436.1450978604
2022-09-13 00:00:00+00:00,1074436.1450978604
2022-09-14 00:00:00+00:00,1074436.1450978604
2022-09-15 00:00:00+00:00,1074436.1450978604
2022-09-16 00:00:00+00:00,1074436.1450978604
2022-09-17 00:00:00+00:00,1074436.1450978604
2022-09-18 00:00:00+00:00,1074436.1450978604
2022-09-19 00:00:00+00:00,1074436.1450978604
2022-09-20 00:00:00+00:00,1074436.1450978604
2022-09-21 00:00:00+00:00,1074436.1450978604
2022-09-22 00:00:00+00:00,1074436.1450978604
2022-09-23 00:00:00+00:00,1074436.1450978604
2022-09-24 00:00:00+00:00,1074436.1450978604
2022-09-25 00:00:00+00:00,1074436.1450978604
2022-09-26 00:00:00+00:00,1074436.1450978604
2022-09-27 00:00:00+00:00,1074436.1450978604
2022-09-28 00:00:00+00:00,1074436.1450978604
2022-09-29 00:00:00+00:00,1074436.1450978604
2022-09-30 00:00:00+00:00,1074436.1450978604
2022-10-01 00:00:00+00:00,1074436.1450978604
2022-10-02 00:00:00+00:00,1074436.1450978604
2022-10-03 00:00:00+00:00,1074436.1450978604
2022-10-04 00:00:00+00:00,1074436.1450978604
2022-10-05 00:00:00+00:00,1074436.1450978604
2022-10-06 00:00:00+00:00,1074436.1450978604
2022-10-07 00:00:00+00:00,1074436.1450978604
2022-10-08 00:00:00+00:00,1074436.1450978604
2022-10-09 00:00:00+00:00,1074436.1450978604
2022-10-10 00:00:00+00:00,1074436.1450978604
2022-10-11 00:00:00+00:00,1074436.1450978604
2022-10-12 00:00:00+00:00,1074436.1450978604
2022-10-13 00:00:00+00:00,1074436.1450978604
2022-10-14 00:00:00+00:00,1074436.1450978604
2022-10-15 00:00:00+00:00,1074436.1450978604
2022-10-16 00:00:00+00:00,1074436.1450978604
2022-10-17 00:00:00+00:00,1074436.1450978604
2022-10-18 00:00:00+00:00,1074436.1450978604
2022-10-19 00:00:00+00:00,1074436.1450978604
2022-10-20 00:00:00+00:00,1074436.1450978604
2022-10-21 00:00:00+00:00,1074436.1450978604
2022-10-22 00:00:00+00:00,1074436.1450978604
2022-10-23 00:00:00+00:00,1074436.1450978604
2022-10-24 00:00:00+00:00,1074436.1450978604
2022-10-25 00:00:00+00:00,1074436.1450978604
2022-10-26 00:00:00+00:00,1074436.1450978604
2022-10-27 00:00:00+00:00,1074436.1450978604
2022-10-28 00:00:00+00:00,1074436.1450978604
2022-10-29 00:00:00+00:00,1074436.1450978604
2022-10-30 00:00:00+00:00,1074436.1450978604
2022-10-31 00:00:00+00:00,1074436.1450978604
2022-11-01 00:00:00+00:00,1074436.1450978604
2022-11-02 00:00:00+00:00,1074436.1450978604
2022-11-03 00:00:00+00:00,1074436.1450978604
2022-11-04 00:00:00+00:00,1074436.1450978604
2022-11-05 00:00:00+00:00,1074436.1450978604
2022-11-06 00:00:00+00:00,1074436.1450978604
2022-11-07 00:00:00+00:00,1074436.1450978604
2022-11-08 00:00:00+00:00,1074436.1450978604
2022-11-09 00:00:00+00:00,1074436.1450978604
2022-11-10 00:00:00+00:00,1074436.1450978604
2022-11-11 00:00:00+00:00,1074436.1450978604
2022-11-12 00:00:00+00:00,1074436.1450978604
2022-11-13 00:00:00+00:00,1074436.1450978604
2022-11-14 00:00:00+00:00,1074436.1450978604
2022-11-15 00:00:00+00:00,1074436.1450978604
2022-11-16 00:00:00+00:00,1074436.1450978604
2022-11-17 00:00:00+00:00,1074436.1450978604
2022-11-18 00:00:00+00:00,1074436.1450978604
2022-11-19 00:00:00+00:00,1074436.1450978604
2022-11-20 00:00:00+00:00,1074436.1450978604
2022-11-21 00:00:00+00:00,1074436.1450978604
2022-11-22 00:00:00+00:00,1074436.1450978604
2022-11-23 00:00:00+00:00,1074436.1450978604
2022-11-24 00:00:00+00:00,1074436.1450978604
2022-11-25 00:00:00+00:00,1074436.1450978604
2022-11-26 00:00:00+00:00,1074436.1450978604
2022-11-27 00:00:00+00:00,1074436.1450978604
2022-11-28 00:00:00+00:00,1074436.1450978604
2022-11-29 00:00:00+00:00,1074436.1450978604
2022-11-30 00:00:00+00:00,1074436.1450978604
2022-12-01 00:00:00+00:00,1074436.1450978604
2022-12-02 00:00:00+00:00,1074436.1450978604
2022-12-03 00:00:00+00:00,1074436.1450978604
2022-12-04 00:00:00+00:00,1074436.1450978604
2022-12-05 00:00:00+00:00,1074436.1450978604
2022-12-06 00:00:00+00:00,1074436.1450978604
2022-12-07 00:00:00+00:00,1074436.1450978604
2022-12-08 00:00:00+00:00,1074436.1450978604
2022-12-09 00:00:00+00:00,1074436.1450978604
2022-12-10 00:00:00+00:00,1074436.1450978604
2022-12-11 00:00:00+00:00,1074436.1450978604
2022-12-12 00:00:00+00:00,1074436.1450978604
2022-12-13 00:00:00+00:00,1074436.1450978604
2022-12-14 00:00:00+00:00,1074436.1450978604
2022-12-15 00:00:00+00:00,1074436.1450978604
2022-12-16 00:00:00+00:00,1074436.1450978604
2022-12-17 00:00:00+00:00,1074436.1450978604
2022-12-18 00:00:00+00:00,1074436.1450978604
2022-12-19 00:00:00+00:00,1074436.1450978604
2022-12-20 00:00:00+00:00,1074436.1450978604
2022-12-21 00:00:00+00:00,1074436.1450978604
2022-12-22 00:00:00+00:00,1074436.1450978604
2022-12-23 00:00:00+00:00,1074436.1450978604
2022-12-24 00:00:00+00:00,1074436.1450978604
2022-12-25 00:00:00+00:00,1074436.1450978604
2022-12-26 00:00:00+00:00,1074436.1450978604
2022-12-27 00:00:00+00:00,1074436.1450978604
2022-12-28 00:00:00+00:00,1074436.1450978604
2022-12-29 00:00:00+00:00,1074436.1450978604
2022-12-30 00:00:00+00:00,1074436.1450978604
2022-12-31 00:00:00+00:00,1074436.1450978604
2023-01-01 00:00:00+00:00,1074436.1450978604
2023-01-02 00:00:00+00:00,1074436.1450978604
2023-01-03 00:00:00+00:00,1074436.1450978604
2023-01-04 00:00:00+00:00,1074436.1450978604
2023-01-05 00:00:00+00:00,1074436.1450978604
2023-01-06 00:00:00+00:00,1074436.1450978604
2023-01-07 00:00:00+00:00,1074436.1450978604
2023-01-08 00:00:00+00:00,1074436.1450978604
2023-01-09 00:00:00+00:00,1074436.1450978604
2023-01-10 00:00:00+00:00,1074436.1450978604
2023-01-11 00:00:00+00:00,1074436.1450978604
2023-01-12 00:00:00+00:00,1074436.1450978604
2023-01-13 00:00:00+00:00,1074436.1450978604
2023-01-14 00:00:00+00:00,1074436.1450978604
2023-01-15 00:00:00+00:00,1074436.1450978604
2023-01-16 00:00:00+00:00,1074436.1450978604
2023-01-17 00:00:00+00:00,1074436.1450978604
2023-01-18 00:00:00+00:00,1074436.1450978604
2023-01-19 00:00:00+00:00,1074436.1450978604
2023-01-20 00:00:00+00:00,1074436.1450978604
2023-01-21 00:00:00+00:00,1074436.1450978604
2023-01-22 00:00:00+00:00,1074436.1450978604
2023-01-23 00:00:00+00:00,1074436.1450978604
2023-01-24 00:00:00+00:00,1074436.1450978604
2023-01-25 00:00:00+00:00,1074436.1450978604
2023-01-26 00:00:00+00:00,1074436.1450978604
2023-01-27 00:00:00+00:00,1074436.1450978604
2023-01-28 00:00:00+00:00,1074436.1450978604
2023-01-29 00:00:00+00:00,1074436.1450978604
2023-01-30 00:00:00+00:00,1074436.1450978604
2023-01-31 00:00:00+00:00,1074436.1450978604
2023-02-01 00:00:00+00:00,1074436.1450978604
2023-02-02 00:00:00+00:00,1074436.1450978604
2023-02-03 00:00:00+00:00,1074436.1450978604
2023-02-04 00:00:00+00:00,1074436.1450978604
2023-02-05 00:00:00+00:00,1074436.1450978604
2023-02-06 00:00:00+00:00,1074436.1450978604
2023-02-07 00:00:00+00:00,1074436.1450978604
2023-02-08 00:00:00+00:00,1074436.1450978604
2023-02-09 00:00:00+00:00,1074436.1450978604
2023-02-10 00:00:00+00:00,1074436.1450978604
2023-02-11 00:00:00+00:00,1074436.1450978604
2023-02-12 00:00:00+00:00,1074436.1450978604
2023-02-13 00:00:00+00:00,1074436.1450978604
2023-02-14 00:00:00+00:00,1074436.1450978604
2023-02-15 00:00:00+00:00,1074436.1450978604
2023-02-16 00:00:00+00:00,1074436.1450978604
2023-02-17 00:00:00+00:00,1074436.1450978604
2023-02-18 00:00:00+00:00,1074436.1450978604
2023-02-19 00:00:00+00:00,1074436.1450978604
2023-02-20 00:00:00+00:00,1074436.1450978604
2023-02-21 00:00:00+00:00,1074436.1450978604
2023-02-22 00:00:00+00:00,1074436.1450978604
2023-02-23 00:00:00+00:00,1074436.1450978604
2023-02-24 00:00:00+00:00,1074436.1450978604
2023-02-25 00:00:00+00:00,1074436.1450978604
2023-02-26 00:00:00+00:00,1074436.1450978604
2023-02-27 00:00:00+00:00,1074436.1450978604
2023-02-28 00:00:00+00:00,1074436.1450978604
2023-03-01 00:00:00+00:00,1074436.1450978604
2023-03-02 00:00:00+00:00,1074436.1450978604
2023-03-03 00:00:00+00:00,1074436.1450978604
2023-03-04 00:00:00+00:00,1074436.1450978604
2023-03-05 00:00:00+00:00,1074436.1450978604
2023-03-06 00:00:00+00:00,1074436.1450978604
2023-03-07 00:00:00+00:00,1074436.1450978604
2023-03-08 00:00:00+00:00,1074436.1450978604
2023-03-09 00:00:00+00:00,1074436.1450978604
2023-03-10 00:00:00+00:00,1074436.1450978604
2023-03-11 00:00:00+00:00,1074436.1450978604
2023-03-12 00:00:00+00:00,1074436.1450978604
2023-03-13 00:00:00+00:00,1074436.1450978604
2023-03-14 00:00:00+00:00,1074436.1450978604
2023-03-15 00:00:00+00:00,1074436.1450978604
2023-03-16 00:00:00+00:00,1074436.1450978604
2023-03-17 00:00:00+00:00,1074436.1450978604
2023-03-18 00:00:00+00:00,1074436.1450978604
2023-03-19 00:00:00+00:00,1074436.1450978604
2023-03-20 00:00:00+00:00,1074436.1450978604
2023-03-21 00:00:00+00:00,1074436.1450978604
2023-03-22 00:00:00+00:00,1074436.1450978604
2023-03-23 00:00:00+00:00,1074436.1450978604
2023-03-24 00:00:00+00:00,1074436.1450978604
2023-03-25 00:00:00+00:00,1074436.1450978604
2023-03-26 00:00:00+00:00,1074436.1450978604
2023-03-27 00:00:00+00:00,1074436.1450978604
2023-03-28 00:00:00+00:00,1074436.1450978604
2023-03-29 00:00:00+00:00,1074436.1450978604
2023-03-30 00:00:00+00:00,1074436.1450978604
2023-03-31 00:00:00+00:00,1074436.1450978604
2023-04-01 00:00:00+00:00,1074436.1450978604
2023-04-02 00:00:00+00:00,1074436.1450978604
2023-04-03 00:00:00+00:00,1074436.1450978604
2023-04-04 00:00:00+00:00,1074436.1450978604
2023-04-05 00:00:00+00:00,1074436.1450978604
2023-04-06 00:00:00+00:00,1074436.1450978604
2023-04-07 00:00:00+00:00,1074436.1450978604
2023-04-08 00:00:00+00:00,1074436.1450978604
2023-04-09 00:00:00+00:00,1074436.1450978604
2023-04-10 00:00:00+00:00,1074436.1450978604
2023-04-11 00:00:00+00:00,1074436.1450978604
2023-04-12 00:00:00+00:00,1074436.1450978604
2023-04-13 00:00:00+00:00,1074436.1450978604
2023-04-14 00:00:00+00:00,1074436.1450978604
2023-04-15 00:00:00+00:00,1074436.1450978604
2023-04-16 00:00:00+00:00,1074436.1450978604
2023-04-17 00:00:00+00:00,1074436.1450978604
2023-04-18 00:00:00+00:00,1074436.1450978604
2023-04-19 00:00:00+00:00,1074436.1450978604
2023-04-20 00:00:00+00:00,1074436.1450978604
2023-04-21 00:00:00+00:00,1074436.1450978604
2023-04-22 00:00:00+00:00,1074436.1450978604
2023-04-23 00:00:00+00:00,1074436.1450978604
2023-04-24 00:00:00+00:00,1074436.1450978604
2023-04-25 00:00:00+00:00,1074436.1450978604
2023-04-26 00:00:00+00:00,1074436.1450978604
2023-04-27 00:00:00+00:00,1074436.1450978604
2023-04-28 00:00:00+00:00,1074436.1450978604
2023-04-29 00:00:00+00:00,1074436.1450978604
2023-04-30 00:00:00+00:00,1074436.1450978604
2023-05-01 00:00:00+00:00,1074436.1450978604
2023-05-02 00:00:00+00:00,1074436.1450978604
2023-05-03 00:00:00+00:00,1074436.1450978604
2023-05-04 00:00:00+00:00,1074436.1450978604
2023-05-05 00:00:00+00:00,1074436.1450978604
2023-05-06 00:00:00+00:00,1074436.1450978604
2023-05-07 00:00:00+00:00,1074436.1450978604
2023-05-08 00:00:00+00:00,1074436.1450978604
2023-05-09 00:00:00+00:00,1074436.1450978604
2023-05-10 00:00:00+00:00,1074436.1450978604
2023-05-11 00:00:00+00:00,1074436.1450978604
2023-05-12 00:00:00+00:00,1074436.1450978604
2023-05-13 00:00:00+00:00,1074436.1450978604
2023-05-14 00:00:00+00:00,1074436.1450978604
2023-05-15 00:00:00+00:00,1074436.1450978604
2023-05-16 00:00:00+00:00,1074436.1450978604
2023-05-17 00:00:00+00:00,1074436.1450978604
2023-05-18 00:00:00+00:00,1074436.1450978604
2023-05-19 00:00:00+00:00,1074436.1450978604
2023-05-20 00:00:00+00:00,1074436.1450978604
2023-05-21 00:00:00+00:00,1074436.1450978604
2023-05-22 00:00:00+00:00,1074436.1450978604
2023-05-23 00:00:00+00:00,1074436.1450978604
2023-05-24 00:00:00+00:00,1074436.1450978604
2023-05-25 00:00:00+00:00,1074436.1450978604
2023-05-26 00:00:00+00:00,1074436.1450978604
2023-05-27 00:00:00+00:00,1074436.1450978604
2023-05-28 00:00:00+00:00,1074436.1450978604
2023-05-29 00:00:00+00:00,1074436.1450978604
2023-05-30 00:00:00+00:00,1074436.1450978604
2023-05-31 00:00:00+00:00,1074436.1450978604
2023-06-01 00:00:00+00:00,1074436.1450978604
2023-06-02 00:00:00+00:00,1074436.1450978604
2023-06-03 00:00:00+00:00,1074436.1450978604
2023-06-04 00:00:00+00:00,1074436.1450978604
2023-06-05 00:00:00+00:00,1074436.1450978604
2023-06-06 00:00:00+00:00,1074436.1450978604
2023-06-07 00:00:00+00:00,1074436.1450978604
2023-06-08 00:00:00+00:00,1074436.1450978604
2023-06-09 00:00:00+00:00,1074436.1450978604
2023-06-10 00:00:00+00:00,1074436.1450978604
2023-06-11 00:00:00+00:00,1074436.1450978604
2023-06-12 00:00:00+00:00,1074436.1450978604
2023-06-13 00:00:00+00:00,1074436.1450978604
2023-06-14 00:00:00+00:00,1074436.1450978604
2023-06-15 00:00:00+00:00,1074436.1450978604
2023-06-16 00:00:00+00:00,1074436.1450978604
2023-06-17 00:00:00+00:00,1074436.1450978604
2023-06-18 00:00:00+00:00,1074436.1450978604
2023-06-19 00:00:00+00:00,1074436.1450978604
2023-06-20 00:00:00+00:00,1074436.1450978604
2023-06-21 00:00:00+00:00,1074436.1450978604
2023-06-22 00:00:00+00:00,1074436.1450978604
2023-06-23 00:00:00+00:00,1074436.1450978604
2023-06-24 00:00:00+00:00,1074436.1450978604
2023-06-25 00:00:00+00:00,1074436.1450978604
2023-06-26 00:00:00+00:00,1074436.1450978604
2023-06-27 00:00:00+00:00,1074436.1450978604
2023-06-28 00:00:00+00:00,1074436.1450978604
2023-06-29 00:00:00+00:00,1074436.1450978604
2023-06-30 00:00:00+00:00,1074436.1450978604
2023-07-01 00:00:00+00:00,1074436.1450978604
2023-07-02 00:00:00+00:00,1074436.1450978604
2023-07-03 00:00:00+00:00,1074436.1450978604
2023-07-04 00:00:00+00:00,1074436.1450978604
2023-07-05 00:00:00+00:00,1074436.1450978604
2023-07-06 00:00:00+00:00,1074436.1450978604
2023-07-07 00:00:00+00:00,1074436.1450978604
2023-07-08 00:00:00+00:00,1074436.1450978604
2023-07-09 00:00:00+00:00,1074436.1450978604
2023-07-10 00:00:00+00:00,1074436.1450978604
2023-07-11 00:00:00+00:00,1074436.1450978604
2023-07-12 00:00:00+00:00,1074436.1450978604
2023-07-13 00:00:00+00:00,1074436.1450978604
2023-07-14 00:00:00+00:00,1074436.1450978604
2023-07-15 00:00:00+00:00,1074436.1450978604
2023-07-16 00:00:00+00:00,1074436.1450978604
2023-07-17 00:00:00+00:00,1074436.1450978604
2023-07-18 00:00:00+00:00,1074436.1450978604
2023-07-19 00:00:00+00:00,1074436.1450978604
2023-07-20 00:00:00+00:00,1074436.1450978604
2023-07-21 00:00:00+00:00,1074436.1450978604
2023-07-22 00:00:00+00:00,1074436.1450978604
2023-07-23 00:00:00+00:00,1074436.1450978604
2023-07-24 00:00:00+00:00,1074436.1450978604
2023-07-25 00:00:00+00:00,1074436.1450978604
2023-07-26 00:00:00+00:00,1074436.1450978604
2023-07-27 00:00:00+00:00,1074436.1450978604
2023-07-28 00:00:00+00:00,1074436.1450978604
2023-07-29 00:00:00+00:00,1074436.1450978604
2023-07-30 00:00:00+00:00,1074436.1450978604
2023-07-31 00:00:00+00:00,1074436.1450978604
2023-08-01 00:00:00+00:00,1074436.1450978604
2023-08-02 00:00:00+00:00,1074436.1450978604
2023-08-03 00:00:00+00:00,1074436.1450978604
2023-08-04 00:00:00+00:00,1074436.1450978604
2023-08-05 00:00:00+00:00,1074436.1450978604
2023-08-06 00:00:00+00:00,1074436.1450978604
2023-08-07 00:00:00+00:00,1074436.1450978604
2023-08-08 00:00:00+00:00,1074436.1450978604
2023-08-09 00:00:00+00:00,1074436.1450978604
2023-08-10 00:00:00+00:00,1074436.1450978604
2023-08-11 00:00:00+00:00,1074436.1450978604
2023-08-12 00:00:00+00:00,1074436.1450978604
2023-08-13 00:00:00+00:00,1074436.1450978604
2023-08-14 00:00:00+00:00,1074436.1450978604
2023-08-15 00:00:00+00:00,1074436.1450978604
2023-08-16 00:00:00+00:00,1074436.1450978604
2023-08-17 00:00:00+00:00,1074436.1450978604
2023-08-18 00:00:00+00:00,1074436.1450978604
2023-08-19 00:00:00+00:00,1074436.1450978604
2023-08-20 00:00:00+00:00,1074436.1450978604
2023-08-21 00:00:00+00:00,1074436.1450978604
2023-08-22 00:00:00+00:00,1074436.1450978604
2023-08-23 00:00:00+00:00,1074436.1450978604
2023-08-24 00:00:00+00:00,1074436.1450978604
2023-08-25 00:00:00+00:00,1074436.1450978604
2023-08-26 00:00:00+00:00,1074436.1450978604
2023-08-27 00:00:00+00:00,1074436.1450978604
2023-08-28 00:00:00+00:00,1074436.1450978604
2023-08-29 00:00:00+00:00,1074436.1450978604
2023-08-30 00:00:00+00:00,1074436.1450978604
2023-08-31 00:00:00+00:00,1074436.1450978604
2023-09-01 00:00:00+00:00,1074436.1450978604
2023-09-02 00:00:00+00:00,1074436.1450978604
2023-09-03 00:00:00+00:00,1074436.1450978604
2023-09-04 00:00:00+00:00,1074436.1450978604
2023-09-05 00:00:00+00:00,1074436.1450978604
2023-09-06 00:00:00+00:00,1074436.1450978604
2023-09-07 00:00:00+00:00,1074436.1450978604
2023-09-08 00:00:00+00:00,1074436.1450978604
2023-09-09 00:00:00+00:00,1074436.1450978604
2023-09-10 00:00:00+00:00,1074436.1450978604
2023-09-11 00:00:00+00:00,1074436.1450978604
2023-09-12 00:00:00+00:00,1074436.1450978604
2023-09-13 00:00:00+00:00,1074436.1450978604
2023-09-14 00:00:00+00:00,1074436.1450978604
2023-09-15 00:00:00+00:00,1074436.1450978604
2023-09-16 00:00:00+00:00,1074436.1450978604
2023-09-17 00:00:00+00:00,1074436.1450978604
2023-09-18 00:00:00+00:00,1074436.1450978604
2023-09-19 00:00:00+00:00,1074436.1450978604
2023-09-20 00:00:00+00:00,1074436.1450978604
2023-09-21 00:00:00+00:00,1074436.1450978604
2023-09-22 00:00:00+00:00,1074436.1450978604
2023-09-23 00:00:00+00:00,1074436.1450978604
2023-09-24 00:00:00+00:00,1074436.1450978604
2023-09-25 00:00:00+00:00,1074436.1450978604
2023-09-26 00:00:00+00:00,1074436.1450978604
2023-09-27 00:00:00+00:00,1074436.1450978604
2023-09-28 00:00:00+00:00,1074436.1450978604
2023-09-29 00:00:00+00:00,1074436.1450978604
2023-09-30 00:00:00+00:00,1074436.1450978604
2023-10-01 00:00:00+00:00,1074436.1450978604
2023-10-02 00:00:00+00:00,1074436.1450978604
2023-10-03 00:00:00+00:00,1074436.1450978604
2023-10-04 00:00:00+00:00,1074436.1450978604
2023-10-05 00:00:00+00:00,1074436.1450978604
2023-10-06 00:00:00+00:00,1074436.1450978604
2023-10-07 00:00:00+00:00,1074436.1450978604
2023-10-08 00:00:00+00:00,1074436.1450978604
2023-10-09 00:00:00+00:00,1074436.1450978604
2023-10-10 00:00:00+00:00,1074436.1450978604
2023-10-11 00:00:00+00:00,1074436.1450978604
2023-10-12 00:00:00+00:00,1074436.1450978604
2023-10-13 00:00:00+00:00,1074436.1450978604
2023-10-14 00:00:00+00:00,1074436.1450978604
2023-10-15 00:00:00+00:00,1074436.1450978604
2023-10-16 00:00:00+00:00,1074436.1450978604
2023-10-17 00:00:00+00:00,1074436.1450978604
2023-10-18 00:00:00+00:00,1074436.1450978604
2023-10-19 00:00:00+00:00,1074436.1450978604
2023-10-20 00:00:00+00:00,1074436.1450978604
2023-10-21 00:00:00+00:00,1074436.1450978604
2023-10-22 00:00:00+00:00,1074436.1450978604
2023-10-23 00:00:00+00:00,1074436.1450978604
2023-10-24 00:00:00+00:00,1074436.1450978604
2023-10-25 00:00:00+00:00,1074436.1450978604
2023-10-26 00:00:00+00:00,1074436.1450978604
2023-10-27 00:00:00+00:00,1074436.1450978604
2023-10-28 00:00:00+00:00,1074436.1450978604
2023-10-29 00:00:00+00:00,1074436.1450978604
2023-10-30 00:00:00+00:00,1074436.1450978604
2023-10-31 00:00:00+00:00,1074436.1450978604
2023-11-01 00:00:00+00:00,1074436.1450978604
2023-11-02 00:00:00+00:00,1074436.1450978604
2023-11-03 00:00:00+00:00,1074436.1450978604
2023-11-04 00:00:00+00:00,1074436.1450978604
2023-11-05 00:00:00+00:00,1074436.1450978604
2023-11-06 00:00:00+00:00,1074436.1450978604
2023-11-07 00:00:00+00:00,1074436.1450978604
2023-11-08 00:00:00+00:00,1074436.1450978604
2023-11-09 00:00:00+00:00,1074436.1450978604
2023-11-10 00:00:00+00:00,1074436.1450978604
2023-11-11 00:00:00+00:00,1074436.1450978604
2023-11-12 00:00:00+00:00,1074436.1450978604
2023-11-13 00:00:00+00:00,1074436.1450978604
2023-11-14 00:00:00+00:00,1074436.1450978604
2023-11-15 00:00:00+00:00,1074436.1450978604
2023-11-16 00:00:00+00:00,1074436.1450978604
2023-11-17 00:00:00+00:00,1074436.1450978604
2023-11-18 00:00:00+00:00,1074436.1450978604
2023-11-19 00:00:00+00:00,1074436.1450978604
2023-11-20 00:00:00+00:00,1074436.1450978604
2023-11-21 00:00:00+00:00,1074436.1450978604
2023-11-22 00:00:00+00:00,1074436.1450978604
2023-11-23 00:00:00+00:00,1074436.1450978604
2023-11-24 00:00:00+00:00,1074436.1450978604
2023-11-25 00:00:00+00:00,1074436.1450978604
2023-11-26 00:00:00+00:00,1074436.1450978604
2023-11-27 00:00:00+00:00,1074436.1450978604
2023-11-28 00:00:00+00:00,1074436.1450978604
2023-11-29 00:00:00+00:00,1074436.1450978604
2023-11-30 00:00:00+00:00,1074436.1450978604
2023-12-01 00:00:00+00:00,1074436.1450978604
2023-12-02 00:00:00+00:00,1074436.1450978604
2023-12-03 00:00:00+00:00,1074436.1450978604
2023-12-04 00:00:00+00:00,1074436.1450978604
2023-12-05 00:00:00+00:00,1074436.1450978604
2023-12-06 00:00:00+00:00,1074436.1450978604
2023-12-07 00:00:00+00:00,1074436.1450978604
2023-12-08 00:00:00+00:00,1074436.1450978604
2023-12-09 00:00:00+00:00,1074436.1450978604
2023-12-10 00:00:00+00:00,1074436.1450978604
2023-12-11 00:00:00+00:00,1074436.1450978604
2023-12-12 00:00:00+00:00,1074436.1450978604
2023-12-13 00:00:00+00:00,1074436.1450978604
2023-12-14 00:00:00+00:00,1074436.1450978604
2023-12-15 00:00:00+00:00,1074436.1450978604
2023-12-16 00:00:00+00:00,1074436.1450978604
2023-12-17 00:00:00+00:00,1074436.1450978604
2023-12-18 00:00:00+00:00,1074436.1450978604
2023-12-19 00:00:00+00:00,1074436.1450978604
2023-12-20 00:00:00+00:00,1074436.1450978604
2023-12-21 00:00:00+00:00,1074436.1450978604
2023-12-22 00:00:00+00:00,1074436.1450978604
2023-12-23 00:00:00+00:00,1074436.1450978604
2023-12-24 00:00:00+00:00,1074436.1450978604
2023-12-25 00:00:00+00:00,1074436.1450978604
2023-12-26 00:00:00+00:00,1074436.1450978604
2023-12-27 00:00:00+00:00,1074436.1450978604
2023-12-28 00:00:00+00:00,1074436.1450978604
2023-12-29 00:00:00+00:00,1074436.1450978604
2023-12-30 00:00:00+00:00,1074436.1450978604
2023-12-31 00:00:00+00:00,1074436.1450978604
2024-01-01 00:00:00+00:00,1074436.1450978604
2024-01-02 00:00:00+00:00,1072972.901730897
2024-01-03 00:00:00+00:00,1073365.714184441
2024-01-04 00:00:00+00:00,1072055.6343762623
2024-01-05 00:00:00+00:00,1070990.0876832078
2024-01-06 00:00:00+00:00,1071184.7972034721
2024-01-07 00:00:00+00:00,1069804.3200709685
2024-01-08 00:00:00+00:00,1069017.2753582655
2024-01-09 00:00:00+00:00,1072814.5686322106
2024-01-10 00:00:00+00:00,1073616.3790479123
2024-01-11 00:00:00+00:00,1076355.438902974
2024-01-12 00:00:00+00:00,1074269.9155429502
2024-01-13 00:00:00+00:00,1075650.781887854
2024-01-14 00:00:00+00:00,1074876.8935956778
2024-01-15 00:00:00+00:00,1075124.2914025395
2024-01-16 00:00:00+00:00,1077140.2556747526
2024-01-17 00:00:00+00:00,1079711.4024662268
2024-01-18 00:00:00+00:00,1080116.8481538645
2024-01-19 00:00:00+00:00,1081272.9834323132
2024-01-20 00:00:00+00:00,1082345.7008982606
2024-01-21 00:00:00+00:00,1082797.8824343567
2024-01-22 00:00:00+00:00,1078262.1161791077
2024-01-23 00:00:00+00:00,1078994.467530029
2024-01-24 00:00:00+00:00,1080707.7601304254
2024-01-25 00:00:00+00:00,1081550.2113821567
2024-01-26 00:00:00+00:00,1080339.2613710247
2024-01-27 00:00:00+00:00,1080339.2613710247
2024-01-28 00:00:00+00:00,1080339.2613710247
2024-01-29 00:00:00+00:00,1080339.2613710247
2024-01-30 00:00:00+00:00,1080339.2613710247
2024-01-31 00:00:00+00:00,1080339.2613710247
2024-02-01 00:00:00+00:00,1080339.2613710247
2024-02-02 00:00:00+00:00,1080339.2613710247
2024-02-03 00:00:00+00:00,1080339.2613710247
2024-02-04 00:00:00+00:00,1080339.2613710247
2024-02-05 00:00:00+00:00,1080339.2613710247
2024-02-06 00:00:00+00:00,1080339.2613710247
2024-02-07 00:00:00+00:00,1080339.2613710247
2024-02-08 00:00:00+00:00,1080339.2613710247
2024-02-09 00:00:00+00:00,1080339.2613710247
2024-02-10 00:00:00+00:00,1080339.2613710247
2024-02-11 00:00:00+00:00,1080339.2613710247
2024-02-12 00:00:00+00:00,1080339.2613710247
2024-02-13 00:00:00+00:00,1080339.2613710247
2024-02-14 00:00:00+00:00,1080339.2613710247
2024-02-15 00:00:00+00:00,1080339.2613710247
2024-02-16 00:00:00+00:00,1080339.2613710247
2024-02-17 00:00:00+00:00,1080339.2613710247
2024-02-18 00:00:00+00:00,1080339.2613710247
2024-02-19 00:00:00+00:00,1080339.2613710247
2024-02-20 00:00:00+00:00,1080339.2613710247
2024-02-21 00:00:00+00:00,1080339.2613710247
2024-02-22 00:00:00+00:00,1080339.2613710247
2024-02-23 00:00:00+00:00,1080339.2613710247
2024-02-24 00:00:00+00:00,1080339.2613710247
2024-02-25 00:00:00+00:00,1080339.2613710247
2024-02-26 00:00:00+00:00,1080339.2613710247
2024-02-27 00:00:00+00:00,1080339.2613710247
2024-02-28 00:00:00+00:00,1080339.2613710247
2024-02-29 00:00:00+00:00,1080339.2613710247
2024-03-01 00:00:00+00:00,1080339.2613710247
2024-03-02 00:00:00+00:00,1078844.9130694324
2024-03-03 00:00:00+00:00,1076194.6345320428
2024-03-04 00:00:00+00:00,1067582.5566197482
2024-03-05 00:00:00+00:00,1067223.5821479338
2024-03-06 00:00:00+00:00,1066116.3667968337
2024-03-07 00:00:00+00:00,1070149.1606463748
2024-03-08 00:00:00+00:00,1071151.957730228
2024-03-09 00:00:00+00:00,1071078.5043717541
2024-03-10 00:00:00+00:00,1068438.000210471
2024-03-11 00:00:00+00:00,1066794.22008119
2024-03-12 00:00:00+00:00,1069560.173354933
2024-03-13 00:00:00+00:00,1069828.6284639384
2024-03-14 00:00:00+00:00,1072208.1577054332
2024-03-15 00:00:00+00:00,1071176.2656129354
2024-03-16 00:00:00+00:00,1070725.1690678406
2024-03-17 00:00:00+00:00,1068665.3886769926
2024-03-18 00:00:00+00:00,1069991.0760475032
2024-03-19 00:00:00+00:00,1066678.8374974653
2024-03-20 00:00:00+00:00,1057440.7136100177
2024-03-21 00:00:00+00:00,1058962.0051606065
2024-03-22 00:00:00+00:00,1060687.086445605
2024-03-23 00:00:00+00:00,1062231.8758656585
2024-03-24 00:00:00+00:00,1060623.8448656006
2024-03-25 00:00:00+00:00,1059699.315537096
2024-03-26 00:00:00+00:00,1060035.793372986
2024-03-27 00:00:00+00:00,1060235.7238641412
2024-03-28 00:00:00+00:00,1060110.5336353907
2024-03-29 00:00:00+00:00,1059806.4299108682
2024-03-30 00:00:00+00:00,1059806.4299108682
2024-03-31 00:00:00+00:00,1059806.4299108682
2024-04-01 00:00:00+00:00,1059806.4299108682
2024-04-02 00:00:00+00:00,1055571.460718449
2024-04-03 00:00:00+00:00,1057497.6368789147
2024-04-04 00:00:00+00:00,1059368.1116622617
2024-04-05 00:00:00+00:00,1059400.8089370541
2024-04-06 00:00:00+00:00,1061134.057171129
2024-04-07 00:00:00+00:00,1058840.2162308127
2024-04-08 00:00:00+00:00,1057322.2003322612
2024-04-09 00:00:00+00:00,1059163.6131498846
2024-04-10 00:00:00+00:00,1061940.9874660338
2024-04-11 00:00:00+00:00,1064967.153106518
2024-04-12 00:00:00+00:00,1065640.9780552373
2024-04-13 00:00:00+00:00,1061362.7837920103
2024-04-14 00:00:00+00:00,1060992.6058058776
2024-04-15 00:00:00+00:00,1062187.7696649076
2024-04-16 00:00:00+00:00,1062262.6707098195
2024-04-17 00:00:00+00:00,1062815.362444072
2024-04-18 00:00:00+00:00,1063179.5107175312
2024-04-19 00:00:00+00:00,1063537.0926537206
2024-04-20 00:00:00+00:00,1065538.6114497192
2024-04-21 00:00:00+00:00,1066447.255229334
2024-04-22 00:00:00+00:00,1067500.0744730944
2024-04-23 00:00:00+00:00,1069866.0986323077
2024-04-24 00:00:00+00:00,1069544.2962880644
2024-04-25 00:00:00+00:00,1069860.390345532
2024-04-26 00:00:00+00:00,1069797.5694522783
2024-04-27 00:00:00+00:00,1069797.5694522783
2024-04-28 00:00:00+00:00,1069797.5694522783
2024-04-29 00:00:00+00:00,1069797.5694522783
2024-04-30 00:00:00+00:00,1069797.5694522783
2024-05-01 00:00:00+00:00,1069797.5694522783
2024-05-02 00:00:00+00:00,1069797.5694522783
2024-05-03 00:00:00+00:00,1069797.5694522783
2024-05-04 00:00:00+00:00,1069797.5694522783
2024-05-05 00:00:00+00:00,1069797.5694522783
2024-05-06 00:00:00+00:00,1069797.5694522783
2024-05-07 00:00:00+00:00,1069797.5694522783
2024-05-08 00:00:00+00:00,1069797.5694522783
2024-05-09 00:00:00+00:00,1069797.5694522783
2024-05-10 00:00:00+00:00,1069797.5694522783
2024-05-11 00:00:00+00:00,1069797.5694522783
2024-05-12 00:00:00+00:00,1069797.5694522783
2024-05-13 00:00:00+00:00,1069797.5694522783
2024-05-14 00:00:00+00:00,1069797.5694522783
2024-05-15 00:00:00+00:00,1069797.5694522783
2024-05-16 00:00:00+00:00,1069797.5694522783
2024-05-17 00:00:00+00:00,1069797.5694522783
2024-05-18 00:00:00+00:00,1069797.5694522783
2024-05-19 00:00:00+00:00,1069797.5694522783
2024-05-20 00:00:00+00:00,1069797.5694522783
2024-05-21 00:00:00+00:00,1069797.5694522783
2024-05-22 00:00:00+00:00,1069797.5694522783
2024-05-23 00:00:00+00:00,1069797.5694522783
2024-05-24 00:00:00+00:00,1069797.5694522783
2024-05-25 00:00:00+00:00,1069797.5694522783
2024-05-26 00:00:00+00:00,1069797.5694522783
2024-05-27 00:00:00+00:00,1069797.5694522783
2024-05-28 00:00:00+00:00,1069797.5694522783
2024-05-29 00:00:00+00:00,1069797.5694522783
2024-05-30 00:00:00+00:00,1069797.5694522783
2024-05-31 00:00:00+00:00,1069797.5694522783
2024-06-01 00:00:00+00:00,1069797.5694522783
2024-06-02 00:00:00+00:00,1069797.5694522783
2024-06-03 00:00:00+00:00,1069797.5694522783
2024-06-04 00:00:00+00:00,1069797.5694522783
2024-06-05 00:00:00+00:00,1069797.5694522783
2024-06-06 00:00:00+00:00,1069797.5694522783
2024-06-07 00:00:00+00:00,1069797.5694522783
2024-06-08 00:00:00+00:00,1069797.5694522783
2024-06-09 00:00:00+00:00,1069797.5694522783
2024-06-10 00:00:00+00:00,1069797.5694522783
2024-06-11 00:00:00+00:00,1069797.5694522783
2024-06-12 00:00:00+00:00,1069797.5694522783
2024-06-13 00:00:00+00:00,1069797.5694522783
2024-06-14 00:00:00+00:00,1069797.5694522783
2024-06-15 00:00:00+00:00,1069797.5694522783
2024-06-16 00:00:00+00:00,1069797.5694522783
2024-06-17 00:00:00+00:00,1069797.5694522783
2024-06-18 00:00:00+00:00,1069797.5694522783
2024-06-19 00:00:00+00:00,1069797.5694522783
2024-06-20 00:00:00+00:00,1069797.5694522783
2024-06-21 00:00:00+00:00,1069797.5694522783
2024-06-22 00:00:00+00:00,1069797.5694522783
2024-06-23 00:00:00+00:00,1069797.5694522783
2024-06-24 00:00:00+00:00,1069797.5694522783
2024-06-25 00:00:00+00:00,1069797.5694522783
2024-06-26 00:00:00+00:00,1069797.5694522783
2024-06-27 00:00:00+00:00,1069797.5694522783
2024-06-28 00:00:00+00:00,1069797.5694522783
2024-06-29 00:00:00+00:00,1069797.5694522783
2024-06-30 00:00:00+00:00,1069797.5694522783
2024-07-01 00:00:00+00:00,1069797.5694522783
2024-07-02 00:00:00+00:00,1069797.5694522783
2024-07-03 00:00:00+00:00,1069797.5694522783
2024-07-04 00:00:00+00:00,1069797.5694522783
2024-07-05 00:00:00+00:00,1069797.5694522783
2024-07-06 00:00:00+00:00,1069797.5694522783
2024-07-07 00:00:00+00:00,1069797.5694522783
2024-07-08 00:00:00+00:00,1069797.5694522783
2024-07-09 00:00:00+00:00,1069797.5694522783
2024-07-10 00:00:00+00:00,1069797.5694522783
2024-07-11 00:00:00+00:00,1069797.5694522783
2024-07-12 00:00:00+00:00,1069797.5694522783
2024-07-13 00:00:00+00:00,1069797.5694522783
2024-07-14 00:00:00+00:00,1069797.5694522783
2024-07-15 00:00:00+00:00,1069797.5694522783
2024-07-16 00:00:00+00:00,1069797.5694522783
2024-07-17 00:00:00+00:00,1069797.5694522783
2024-07-18 00:00:00+00:00,1069797.5694522783
2024-07-19 00:00:00+00:00,1069797.5694522783
2024-07-20 00:00:00+00:00,1069797.5694522783
2024-07-21 00:00:00+00:00,1069797.5694522783
2024-07-22 00:00:00+00:00,1069797.5694522783
2024-07-23 00:00:00+00:00,1069797.5694522783
2024-07-24 00:00:00+00:00,1069797.5694522783
2024-07-25 00:00:00+00:00,1069797.5694522783
2024-07-26 00:00:00+00:00,1069797.5694522783
2024-07-27 00:00:00+00:00,1069797.5694522783
2024-07-28 00:00:00+00:00,1069797.5694522783
2024-07-29 00:00:00+00:00,1069797.5694522783
2024-07-30 00:00:00+00:00,1069797.5694522783
2024-07-31 00:00:00+00:00,1069797.5694522783
2024-08-01 00:00:00+00:00,1069797.5694522783
2024-08-02 00:00:00+00:00,1069797.5694522783
2024-08-03 00:00:00+00:00,1069797.5694522783
2024-08-04 00:00:00+00:00,1069797.5694522783
2024-08-05 00:00:00+00:00,1069797.5694522783
2024-08-06 00:00:00+00:00,1069797.5694522783
2024-08-07 00:00:00+00:00,1069797.5694522783
2024-08-08 00:00:00+00:00,1069797.5694522783
2024-08-09 00:00:00+00:00,1069797.5694522783
2024-08-10 00:00:00+00:00,1069797.5694522783
2024-08-11 00:00:00+00:00,1069797.5694522783
2024-08-12 00:00:00+00:00,1069797.5694522783
2024-08-13 00:00:00+00:00,1069797.5694522783
2024-08-14 00:00:00+00:00,1069797.5694522783
2024-08-15 00:00:00+00:00,1069797.5694522783
2024-08-16 00:00:00+00:00,1069797.5694522783
2024-08-17 00:00:00+00:00,1069797.5694522783
2024-08-18 00:00:00+00:00,1069797.5694522783
2024-08-19 00:00:00+00:00,1069797.5694522783
2024-08-20 00:00:00+00:00,1069797.5694522783
2024-08-21 00:00:00+00:00,1069797.5694522783
2024-08-22 00:00:00+00:00,1069797.5694522783
2024-08-23 00:00:00+00:00,1069797.5694522783
2024-08-24 00:00:00+00:00,1069797.5694522783
2024-08-25 00:00:00+00:00,1069797.5694522783
2024-08-26 00:00:00+00:00,1069797.5694522783
2024-08-27 00:00:00+00:00,1069797.5694522783
2024-08-28 00:00:00+00:00,1069797.5694522783
2024-08-29 00:00:00+00:00,1069797.5694522783
2024-08-30 00:00:00+00:00,1069797.5694522783
2024-08-31 00:00:00+00:00,1069797.5694522783
2024-09-01 00:00:00+00:00,1069797.5694522783
2024-09-02 00:00:00+00:00,1069797.5694522783
2024-09-03 00:00:00+00:00,1069797.5694522783
2024-09-04 00:00:00+00:00,1069797.5694522783
2024-09-05 00:00:00+00:00,1069797.5694522783
2024-09-06 00:00:00+00:00,1069797.5694522783
2024-09-07 00:00:00+00:00,1069797.5694522783
2024-09-08 00:00:00+00:00,1069797.5694522783
2024-09-09 00:00:00+00:00,1069797.5694522783
2024-09-10 00:00:00+00:00,1069797.5694522783
2024-09-11 00:00:00+00:00,1069797.5694522783
2024-09-12 00:00:00+00:00,1069797.5694522783
2024-09-13 00:00:00+00:00,1069797.5694522783
2024-09-14 00:00:00+00:00,1069797.5694522783
2024-09-15 00:00:00+00:00,1069797.5694522783
2024-09-16 00:00:00+00:00,1069797.5694522783
2024-09-17 00:00:00+00:00,1069797.5694522783
2024-09-18 00:00:00+00:00,1069797.5694522783
2024-09-19 00:00:00+00:00,1069797.5694522783
2024-09-20 00:00:00+00:00,1069797.5694522783
2024-09-21 00:00:00+00:00,1069797.5694522783
2024-09-22 00:00:00+00:00,1069797.5694522783
2024-09-23 00:00:00+00:00,1069797.5694522783
2024-09-24 00:00:00+00:00,1069797.5694522783
2024-09-25 00:00:00+00:00,1069797.5694522783
2024-09-26 00:00:00+00:00,1069797.5694522783
2024-09-27 00:00:00+00:00,1069797.5694522783
2024-09-28 00:00:00+00:00,1069797.5694522783
2024-09-29 00:00:00+00:00,1069797.5694522783
2024-09-30 00:00:00+00:00,1069797.5694522783
2024-10-01 00:00:00+00:00,1069797.5694522783
2024-10-02 00:00:00+00:00,1069797.5694522783
2024-10-03 00:00:00+00:00,1069797.5694522783
2024-10-04 00:00:00+00:00,1069797.5694522783
2024-10-05 00:00:00+00:00,1069797.5694522783
2024-10-06 00:00:00+00:00,1069797.5694522783
2024-10-07 00:00:00+00:00,1069797.5694522783
2024-10-08 00:00:00+00:00,1069797.5694522783
2024-10-09 00:00:00+00:00,1069797.5694522783
2024-10-10 00:00:00+00:00,1069797.5694522783
2024-10-11 00:00:00+00:00,1069797.5694522783
2024-10-12 00:00:00+00:00,1069797.5694522783
2024-10-13 00:00:00+00:00,1069797.5694522783
2024-10-14 00:00:00+00:00,1069797.5694522783
2024-10-15 00:00:00+00:00,1069797.5694522783
2024-10-16 00:00:00+00:00,1069797.5694522783
2024-10-17 00:00:00+00:00,1069797.5694522783
2024-10-18 00:00:00+00:00,1069797.5694522783
2024-10-19 00:00:00+00:00,1069797.5694522783
2024-10-20 00:00:00+00:00,1069797.5694522783
2024-10-21 00:00:00+00:00,1069797.5694522783
2024-10-22 00:00:00+00:00,1069797.5694522783
2024-10-23 00:00:00+00:00,1069797.5694522783
2024-10-24 00:00:00+00:00,1069797.5694522783
2024-10-25 00:00:00+00:00,1069797.5694522783
2024-10-26 00:00:00+00:00,1069797.5694522783
2024-10-27 00:00:00+00:00,1069797.5694522783
2024-10-28 00:00:00+00:00,1069797.5694522783
2024-10-29 00:00:00+00:00,1069797.5694522783
2024-10-30 00:00:00+00:00,1069797.5694522783
2024-10-31 00:00:00+00:00,1069797.5694522783
2024-11-01 00:00:00+00:00,1069797.5694522783
2024-11-02 00:00:00+00:00,1068546.254721025
2024-11-03 00:00:00+00:00,1067016.721179514
2024-11-04 00:00:00+00:00,1067331.0750393146
2024-11-05 00:00:00+00:00,1067334.7320984649
2024-11-06 00:00:00+00:00,1066807.8323974106
2024-11-07 00:00:00+00:00,1069535.4066722274
2024-11-08 00:00:00+00:00,1072368.1848332048
2024-11-09 00:00:00+00:00,1073625.2711325784
2024-11-10 00:00:00+00:00,1070070.1896095462
2024-11-11 00:00:00+00:00,1065395.2343967704
2024-11-12 00:00:00+00:00,1064633.3281703754
2024-11-13 00:00:00+00:00,1064671.8899498421
2024-11-14 00:00:00+00:00,1064655.595624677
2024-11-15 00:00:00+00:00,1064249.187105289
2024-11-16 00:00:00+00:00,1064370.179491608
2024-11-17 00:00:00+00:00,1064235.788323232
2024-11-18 00:00:00+00:00,1064107.7969537792
2024-11-19 00:00:00+00:00,1064000.7517728964
2024-11-20 00:00:00+00:00,1063872.3760684666
2024-11-21 00:00:00+00:00,1063725.8489557812
2024-11-22 00:00:00+00:00,1063586.7580034514
2024-11-23 00:00:00+00:00,1063445.7147599924
2024-11-24 00:00:00+00:00,1063305.8855225884
2024-11-25 00:00:00+00:00,1063165.6179702112
2024-11-26 00:00:00+00:00,1063032.9061040324
2024-11-27 00:00:00+00:00,1062901.3890012775
2024-11-28 00:00:00+00:00,1062764.1500847356
2024-11-29 00:00:00+00:00,1062394.896267377
2024-11-30 00:00:00+00:00,1062394.896267377
2024-12-01 00:00:00+00:00,1062394.896267377
2024-12-02 00:00:00+00:00,1061507.0176918926
2024-12-03 00:00:00+00:00,1062931.0202747118
2024-12-04 00:00:00+00:00,1063098.7863193143
2024-12-05 00:00:00+00:00,1059505.097194331
2024-12-06 00:00:00+00:00,1061844.349898716
2024-12-07 00:00:00+00:00,1064213.235005423
2024-12-08 00:00:00+00:00,1064353.423345529
2024-12-09 00:00:00+00:00,1062716.3291641811
2024-12-10 00:00:00+00:00,1063893.534711618
2024-12-11 00:00:00+00:00,1061039.848664546
2024-12-12 00:00:00+00:00,1062448.605268052
2024-12-13 00:00:00+00:00,1064566.536324231
2024-12-14 00:00:00+00:00,1066576.1509195021
2024-12-15 00:00:00+00:00,1064844.6148065538
2024-12-16 00:00:00+00:00,1064472.4182344452
2024-12-17 00:00:00+00:00,1066549.750212292
2024-12-18 00:00:00+00:00,1064067.039593832
2024-12-19 00:00:00+00:00,1063085.6698662587
2024-12-20 00:00:00+00:00,1063572.7812494438
2024-12-21 00:00:00+00:00,1067318.9388285868
2024-12-22 00:00:00+00:00,1066154.2975553633
2024-12-23 00:00:00+00:00,1067529.8140092092
2024-12-24 00:00:00+00:00,1066169.793618095
2024-12-25 00:00:00+00:00,1068130.0862355665
2024-12-26 00:00:00+00:00,1066426.6305698408
2024-12-27 00:00:00+00:00,1067253.4329853577
2024-12-28 00:00:00+00:00,1067253.4329853577
2024-12-29 00:00:00+00:00,1067253.4329853577
2024-12-30 00:00:00+00:00,1067253.4329853577
2024-12-31 00:00:00+00:00,1067253.4329853577
2025-01-01 00:00:00+00:00,1067253.4329853577
2025-01-02 00:00:00+00:00,1067253.4329853577
2025-01-03 00:00:00+00:00,1068559.4916234377
2025-01-04 00:00:00+00:00,1069234.975739503
2025-01-05 00:00:00+00:00,1069621.9487227153
2025-01-06 00:00:00+00:00,1069361.2654369543
2025-01-07 00:00:00+00:00,1068095.9079356217
2025-01-08 00:00:00+00:00,1067917.7599814811
2025-01-09 00:00:00+00:00,1067972.230066905
2025-01-10 00:00:00+00:00,1068509.2097328727
2025-01-11 00:00:00+00:00,1070171.5874622506
2025-01-12 00:00:00+00:00,1069014.891935449
2025-01-13 00:00:00+00:00,1069551.0845743367
2025-01-14 00:00:00+00:00,1068958.6117728385
2025-01-15 00:00:00+00:00,1068805.3776267085
2025-01-16 00:00:00+00:00,1068676.3878670072
2025-01-17 00:00:00+00:00,1067702.8935571807
2025-01-18 00:00:00+00:00,1067237.893723912
2025-01-19 00:00:00+00:00,1065682.3879626903
2025-01-20 00:00:00+00:00,1065340.935431243
2025-01-21 00:00:00+00:00,1067196.0800567712
2025-01-22 00:00:00+00:00,1068345.479043306
2025-01-23 00:00:00+00:00,1068662.8486591694
2025-01-24 00:00:00+00:00,1069909.5208770665
2025-01-25 00:00:00+00:00,1070508.6613289008
2025-01-26 00:00:00+00:00,1070260.087950937
2025-01-27 00:00:00+00:00,1070371.3657396575
2025-01-28 00:00:00+00:00,1071486.72700967
2025-01-29 00:00:00+00:00,1071312.6550104837
2025-01-30 00:00:00+00:00,1071211.6606116581
2025-01-31 00:00:00+00:00,1070919.5221139258
2025-02-01 00:00:00+00:00,1070919.5221139258
2025-02-02 00:00:00+00:00,1070919.5221139258
2025-02-03 00:00:00+00:00,1070919.5221139258
2025-02-04 00:00:00+00:00,1070919.5221139258
2025-02-05 00:00:00+00:00,1070919.5221139258
2025-02-06 00:00:00+00:00,1070919.5221139258
2025-02-07 00:00:00+00:00,1070919.5221139258
2025-02-08 00:00:00+00:00,1070919.5221139258
2025-02-09 00:00:00+00:00,1070919.5221139258
2025-02-10 00:00:00+00:00,1070919.5221139258
2025-02-11 00:00:00+00:00,1070919.5221139258
2025-02-12 00:00:00+00:00,1070919.5221139258
2025-02-13 00:00:00+00:00,1070919.5221139258
2025-02-14 00:00:00+00:00,1070919.5221139258
2025-02-15 00:00:00+00:00,1070919.5221139258
2025-02-16 00:00:00+00:00,1070919.5221139258
2025-02-17 00:00:00+00:00,1070919.5221139258
2025-02-18 00:00:00+00:00,1070919.5221139258
2025-02-19 00:00:00+00:00,1070919.5221139258
2025-02-20 00:00:00+00:00,1070919.5221139258
2025-02-21 00:00:00+00:00,1070919.5221139258
2025-02-22 00:00:00+00:00,1070919.5221139258
2025-02-23 00:00:00+00:00,1070919.5221139258
2025-02-24 00:00:00+00:00,1070919.5221139258
2025-02-25 00:00:00+00:00,1070919.5221139258
2025-02-26 00:00:00+00:00,1070919.5221139258
2025-02-27 00:00:00+00:00,1070919.5221139258
2025-02-28 00:00:00+00:00,1070919.5221139258
2025-03-01 00:00:00+00:00,1070919.5221139258
2025-03-02 00:00:00+00:00,1061322.4477999238
2025-03-03 00:00:00+00:00,1055225.182360088
2025-03-04 00:00:00+00:00,1052453.7736446657
2025-03-05 00:00:00+00:00,1053225.0809779102
2025-03-06 00:00:00+00:00,1054027.9343952753
2025-03-07 00:00:00+00:00,1056067.3647828635
2025-03-08 00:00:00+00:00,1059399.5135004714
2025-03-09 00:00:00+00:00,1052501.3197430903
2025-03-10 00:00:00+00:00,1051188.8009060633
2025-03-11 00:00:00+00:00,1048404.5906076699
2025-03-12 00:00:00+00:00,1050887.0821926284
2025-03-13 00:00:00+00:00,1052017.0484372051
2025-03-14 00:00:00+00:00,1053002.9068546465
2025-03-15 00:00:00+00:00,1054681.7161534065
2025-03-16 00:00:00+00:00,1053085.2480007994
2025-03-17 00:00:00+00:00,1053490.8455481664
2025-03-18 00:00:00+00:00,1056020.1898759652
2025-03-19 00:00:00+00:00,1053600.9833143884
2025-03-20 00:00:00+00:00,1053703.4093302598
2025-03-21 00:00:00+00:00,1056882.8240932578
2025-03-22 00:00:00+00:00,1058555.6100479898
2025-03-23 00:00:00+00:00,1057369.9092650844
2025-03-24 00:00:00+00:00,1057383.0607115678
2025-03-25 00:00:00+00:00,1058717.7044479242
2025-03-26 00:00:00+00:00,1059891.1950825925
2025-03-27 00:00:00+00:00,1060770.6038591652
2025-03-28 00:00:00+00:00,1060594.1133848892
2025-03-29 00:00:00+00:00,1060594.1133848892
2025-03-30 00:00:00+00:00,1060594.1133848892
2025-03-31 00:00:00+00:00,1060594.1133848892
2025-04-01 00:00:00+00:00,1060594.1133848892
2025-04-02 00:00:00+00:00,1058982.1182334383
2025-04-03 00:00:00+00:00,1057561.7977504956
2025-04-04 00:00:00+00:00,1056956.2458756773
2025-04-05 00:00:00+00:00,1057442.8908997779
2025-04-06 00:00:00+00:00,1049054.8659649978
2025-04-07 00:00:00+00:00,1050913.1125985363
2025-04-08 00:00:00+00:00,1053814.512198441
2025-04-09 00:00:00+00:00,1046819.4801570856
2025-04-10 00:00:00+00:00,1047854.6082866535
2025-04-11 00:00:00+00:00,1045309.6318319074
2025-04-12 00:00:00+00:00,1044314.088940039
2025-04-13 00:00:00+00:00,1044380.7424086989
2025-04-14 00:00:00+00:00,1046479.1465821775
2025-04-15 00:00:00+00:00,1049843.6303807653
2025-04-16 00:00:00+00:00,1051801.6557343963
2025-04-17 00:00:00+00:00,1053254.1154686895
2025-04-18 00:00:00+00:00,1055579.2314216525
2025-04-19 00:00:00+00:00,1056417.9849553397
2025-04-20 00:00:00+00:00,1056379.5339999872
2025-04-21 00:00:00+00:00,1055141.9541669218
2025-04-22 00:00:00+00:00,1052063.810984155
2025-04-23 00:00:00+00:00,1051964.4460647972
2025-04-24 00:00:00+00:00,1051853.922795496
2025-04-25 00:00:00+00:00,1051549.650647811
2025-04-26 00:00:00+00:00,1051549.650647811
2025-04-27 00:00:00+00:00,1051549.650647811
2025-04-28 00:00:00+00:00,1051549.650647811
2025-04-29 00:00:00+00:00,1051549.650647811
2025-04-30 00:00:00+00:00,1051549.650647811
2025-05-01 00:00:00+00:00,1051549.650647811
2025-05-02 00:00:00+00:00,1051549.650647811
2025-05-03 00:00:00+00:00,1051549.650647811
2025-05-04 00:00:00+00:00,1051549.650647811
2025-05-05 00:00:00+00:00,1051549.650647811
2025-05-06 00:00:00+00:00,1051549.650647811
2025-05-07 00:00:00+00:00,1051549.650647811
2025-05-08 00:00:00+00:00,1051549.650647811
2025-05-09 00:00:00+00:00,1051549.650647811
2025-05-10 00:00:00+00:00,1051549.650647811
2025-05-11 00:00:00+00:00,1051549.650647811
2025-05-12 00:00:00+00:00,1051549.650647811
2025-05-13 00:00:00+00:00,1051549.650647811
2025-05-14 00:00:00+00:00,1051549.650647811
2025-05-15 00:00:00+00:00,1051549.650647811
2025-05-16 00:00:00+00:00,1051549.650647811
2025-05-17 00:00:00+00:00,1051549.650647811
2025-05-18 00:00:00+00:00,1051549.650647811
2025-05-19 00:00:00+00:00,1051549.650647811
2025-05-20 00:00:00+00:00,1051549.650647811
2025-05-21 00:00:00+00:00,1051549.650647811
2025-05-22 00:00:00+00:00,1051549.650647811
2025-05-23 00:00:00+00:00,1051549.650647811
2025-05-24 00:00:00+00:00,1051549.650647811
2025-05-25 00:00:00+00:00,1051549.650647811
2025-05-26 00:00:00+00:00,1051549.650647811
2025-05-27 00:00:00+00:00,1051549.650647811
2025-05-28 00:00:00+00:00,1051549.650647811
2025-05-29 00:00:00+00:00,1051549.650647811
2025-05-30 00:00:00+00:00,1051549.650647811
2025-05-31 00:00:00+00:00,1051549.650647811
2025-06-01 00:00:00+00:00,1051549.650647811
2025-06-02 00:00:00+00:00,1051549.650647811
2025-06-03 00:00:00+00:00,1051549.650647811
2025-06-04 00:00:00+00:00,1051549.650647811
2025-06-05 00:00:00+00:00,1051549.650647811
2025-06-06 00:00:00+00:00,1051549.650647811
2025-06-07 00:00:00+00:00,1051549.650647811
2025-06-08 00:00:00+00:00,1051549.650647811
2025-06-09 00:00:00+00:00,1051549.650647811
2025-06-10 00:00:00+00:00,1051549.650647811
2025-06-11 00:00:00+00:00,1051549.650647811
2025-06-12 00:00:00+00:00,1051549.650647811
2025-06-13 00:00:00+00:00,1051549.650647811
2025-06-14 00:00:00+00:00,1051549.650647811
2025-06-15 00:00:00+00:00,1051549.650647811
2025-06-16 00:00:00+00:00,1051549.650647811
2025-06-17 00:00:00+00:00,1051549.650647811
2025-06-18 00:00:00+00:00,1051549.650647811
2025-06-19 00:00:00+00:00,1051549.650647811
2025-06-20 00:00:00+00:00,1051549.650647811
2025-06-21 00:00:00+00:00,1051549.650647811
2025-06-22 00:00:00+00:00,1051549.650647811
2025-06-23 00:00:00+00:00,1051549.650647811
2025-06-24 00:00:00+00:00,1051549.650647811
2025-06-25 00:00:00+00:00,1051549.650647811
2025-06-26 00:00:00+00:00,1051549.650647811
2025-06-27 00:00:00+00:00,1051549.650647811
2025-06-28 00:00:00+00:00,1051549.650647811
2025-06-29 00:00:00+00:00,1051549.650647811
2025-06-30 00:00:00+00:00,1051549.650647811
2025-07-01 00:00:00+00:00,1051549.650647811
2025-07-02 00:00:00+00:00,1051549.650647811
2025-07-03 00:00:00+00:00,1051549.650647811
2025-07-04 00:00:00+00:00,1051549.650647811
2025-07-05 00:00:00+00:00,1051549.650647811
2025-07-06 00:00:00+00:00,1051549.650647811
2025-07-07 00:00:00+00:00,1051549.650647811
2025-07-08 00:00:00+00:00,1051549.650647811
2025-07-09 00:00:00+00:00,1051549.650647811
2025-07-10 00:00:00+00:00,1051549.650647811
2025-07-11 00:00:00+00:00,1051549.650647811
2025-07-12 00:00:00+00:00,1051549.650647811
2025-07-13 00:00:00+00:00,1051549.650647811
2025-07-14 00:00:00+00:00,1051549.650647811
2025-07-15 00:00:00+00:00,1051549.650647811
2025-07-16 00:00:00+00:00,1051549.650647811
2025-07-17 00:00:00+00:00,1051549.650647811
2025-07-18 00:00:00+00:00,1051549.650647811
2025-07-19 00:00:00+00:00,1051549.650647811
2025-07-20 00:00:00+00:00,1051549.650647811
2025-07-21 00:00:00+00:00,1051549.650647811
2025-07-22 00:00:00+00:00,1051549.650647811
2025-07-23 00:00:00+00:00,1051549.650647811
2025-07-24 00:00:00+00:00,1051549.650647811
2025-07-25 00:00:00+00:00,1051549.650647811
2025-07-26 00:00:00+00:00,1051549.650647811
2025-07-27 00:00:00+00:00,1051549.650647811
2025-07-28 00:00:00+00:00,1051549.650647811
2025-07-29 00:00:00+00:00,1051549.650647811
2025-07-30 00:00:00+00:00,1051549.650647811
2025-07-31 00:00:00+00:00,1051549.650647811
2025-08-01 00:00:00+00:00,1051549.650647811
2025-08-02 00:00:00+00:00,1051549.650647811
2025-08-03 00:00:00+00:00,1051549.650647811
2025-08-04 00:00:00+00:00,1051549.650647811
2025-08-05 00:00:00+00:00,1051549.650647811
2025-08-06 00:00:00+00:00,1051549.650647811
2025-08-07 00:00:00+00:00,1051549.650647811
2025-08-08 00:00:00+00:00,1051549.650647811
2025-08-09 00:00:00+00:00,1051549.650647811
2025-08-10 00:00:00+00:00,1051549.650647811
2025-08-11 00:00:00+00:00,1051549.650647811
2025-08-12 00:00:00+00:00,1051549.650647811
2025-08-13 00:00:00+00:00,1051549.650647811
2025-08-14 00:00:00+00:00,1051549.650647811
2025-08-15 00:00:00+00:00,1051549.650647811
2025-08-16 00:00:00+00:00,1051549.650647811
2025-08-17 00:00:00+00:00,1051549.650647811
2025-08-18 00:00:00+00:00,1051549.650647811
2025-08-19 00:00:00+00:00,1051549.650647811
2025-08-20 00:00:00+00:00,1051549.650647811
2025-08-21 00:00:00+00:00,1051549.650647811
2025-08-22 00:00:00+00:00,1051549.650647811
2025-08-23 00:00:00+00:00,1051549.650647811
2025-08-24 00:00:00+00:00,1051549.650647811
2025-08-25 00:00:00+00:00,1051549.650647811
2025-08-26 00:00:00+00:00,1051549.650647811
2025-08-27 00:00:00+00:00,1051549.650647811
2025-08-28 00:00:00+00:00,1051549.650647811
2025-08-29 00:00:00+00:00,1051549.650647811
2025-08-30 00:00:00+00:00,1051549.650647811
2025-08-31 00:00:00+00:00,1051549.650647811
2025-09-01 00:00:00+00:00,1051549.650647811
2025-09-02 00:00:00+00:00,1051549.650647811
2025-09-03 00:00:00+00:00,1051549.650647811
2025-09-04 00:00:00+00:00,1051549.650647811
2025-09-05 00:00:00+00:00,1051549.650647811
2025-09-06 00:00:00+00:00,1051549.650647811
2025-09-07 00:00:00+00:00,1051549.650647811
2025-09-08 00:00:00+00:00,1051549.650647811
2025-09-09 00:00:00+00:00,1051549.650647811
2025-09-10 00:00:00+00:00,1051549.650647811
2025-09-11 00:00:00+00:00,1051549.650647811
2025-09-12 00:00:00+00:00,1051549.650647811
2025-09-13 00:00:00+00:00,1051549.650647811
2025-09-14 00:00:00+00:00,1051549.650647811
2025-09-15 00:00:00+00:00,1051549.650647811
2025-09-16 00:00:00+00:00,1051549.650647811
2025-09-17 00:00:00+00:00,1051549.650647811
2025-09-18 00:00:00+00:00,1051549.650647811
2025-09-19 00:00:00+00:00,1051549.650647811
2025-09-20 00:00:00+00:00,1051549.650647811
2025-09-21 00:00:00+00:00,1051549.650647811
2025-09-22 00:00:00+00:00,1051549.650647811
2025-09-23 00:00:00+00:00,1051549.650647811
2025-09-24 00:00:00+00:00,1051549.650647811
2025-09-25 00:00:00+00:00,1051549.650647811
2025-09-26 00:00:00+00:00,1051549.650647811
2025-09-27 00:00:00+00:00,1051549.650647811
2025-09-28 00:00:00+00:00,1051549.650647811
2025-09-29 00:00:00+00:00,1051549.650647811
2025-09-30 00:00:00+00:00,1051549.650647811
2025-10-01 00:00:00+00:00,1051549.650647811
2025-10-02 00:00:00+00:00,1051549.650647811
2025-10-03 00:00:00+00:00,1051549.650647811
2025-10-04 00:00:00+00:00,1051549.650647811
2025-10-05 00:00:00+00:00,1051549.650647811
2025-10-06 00:00:00+00:00,1051549.650647811
2025-10-07 00:00:00+00:00,1051549.650647811
2025-10-08 00:00:00+00:00,1051549.650647811
2025-10-09 00:00:00+00:00,1051549.650647811
2025-10-10 00:00:00+00:00,1051549.650647811
2025-10-11 00:00:00+00:00,1051549.650647811
2025-10-12 00:00:00+00:00,1051549.650647811
2025-10-13 00:00:00+00:00,1051549.650647811
2025-10-14 00:00:00+00:00,1051549.650647811
2025-10-15 00:00:00+00:00,1051549.650647811
2025-10-16 00:00:00+00:00,1051549.650647811
2025-10-17 00:00:00+00:00,1051549.650647811
2025-10-18 00:00:00+00:00,1051549.650647811
2025-10-19 00:00:00+00:00,1051549.650647811
2025-10-20 00:00:00+00:00,1051549.650647811
2025-10-21 00:00:00+00:00,1051549.650647811
2025-10-22 00:00:00+00:00,1051549.650647811
2025-10-23 00:00:00+00:00,1051549.650647811
2025-10-24 00:00:00+00:00,1051549.650647811
2025-10-25 00:00:00+00:00,1051549.650647811
2025-10-26 00:00:00+00:00,1051549.650647811
2025-10-27 00:00:00+00:00,1051549.650647811
2025-10-28 00:00:00+00:00,1051549.650647811
2025-10-29 00:00:00+00:00,1051549.650647811
2025-10-30 00:00:00+00:00,1051549.650647811
2025-10-31 00:00:00+00:00,1051549.650647811
2025-11-01 00:00:00+00:00,1051549.650647811
2025-11-02 00:00:00+00:00,1051549.650647811
2025-11-03 00:00:00+00:00,1051549.650647811
2025-11-04 00:00:00+00:00,1051549.650647811
2025-11-05 00:00:00+00:00,1051549.650647811
2025-11-06 00:00:00+00:00,1051549.650647811
2025-11-07 00:00:00+00:00,1051549.650647811
2025-11-08 00:00:00+00:00,1051549.650647811
2025-11-09 00:00:00+00:00,1051549.650647811
2025-11-10 00:00:00+00:00,1051549.650647811
2025-11-11 00:00:00+00:00,1051549.650647811
2025-11-12 00:00:00+00:00,1051549.650647811
2025-11-13 00:00:00+00:00,1051549.650647811
2025-11-14 00:00:00+00:00,1051549.650647811
2025-11-15 00:00:00+00:00,1051549.650647811
2025-11-16 00:00:00+00:00,1051549.650647811
2025-11-17 00:00:00+00:00,1051549.650647811
2025-11-18 00:00:00+00:00,1051549.650647811
2025-11-19 00:00:00+00:00,1051549.650647811
2025-11-20 00:00:00+00:00,1051549.650647811
2025-11-21 00:00:00+00:00,1051549.650647811
2025-11-22 00:00:00+00:00,1051549.650647811
2025-11-23 00:00:00+00:00,1051549.650647811
2025-11-24 00:00:00+00:00,1051549.650647811
2025-11-25 00:00:00+00:00,1051549.650647811
2025-11-26 00:00:00+00:00,1051549.650647811
2025-11-27 00:00:00+00:00,1051549.650647811
2025-11-28 00:00:00+00:00,1051549.650647811
2025-11-29 00:00:00+00:00,1051549.650647811
2025-11-30 00:00:00+00:00,1051549.650647811
2025-12-01 00:00:00+00:00,1051549.650647811
2025-12-02 00:00:00+00:00,1051549.650647811
2025-12-03 00:00:00+00:00,1051549.650647811
2025-12-04 00:00:00+00:00,1051549.650647811
2025-12-05 00:00:00+00:00,1051549.650647811
2025-12-06 00:00:00+00:00,1051549.650647811
2025-12-07 00:00:00+00:00,1051549.650647811
2025-12-08 00:00:00+00:00,1051549.650647811
2025-12-09 00:00:00+00:00,1051549.650647811
2025-12-10 00:00:00+00:00,1051549.650647811
2025-12-11 00:00:00+00:00,1051549.650647811
2025-12-12 00:00:00+00:00,1051549.650647811
2025-12-13 00:00:00+00:00,1051549.650647811
2025-12-14 00:00:00+00:00,1051549.650647811
2025-12-15 00:00:00+00:00,1051549.650647811
2025-12-16 00:00:00+00:00,1051549.650647811
2025-12-17 00:00:00+00:00,1051549.650647811
2025-12-18 00:00:00+00:00,1051549.650647811
2025-12-19 00:00:00+00:00,1051549.650647811
2025-12-20 00:00:00+00:00,1051549.650647811
2025-12-21 00:00:00+00:00,1051549.650647811
2025-12-22 00:00:00+00:00,1051549.650647811
2025-12-23 00:00:00+00:00,1051549.650647811
2025-12-24 00:00:00+00:00,1051549.650647811
2025-12-25 00:00:00+00:00,1051549.650647811
2025-12-26 00:00:00+00:00,1051549.650647811
2025-12-27 00:00:00+00:00,1051549.650647811
2025-12-28 00:00:00+00:00,1051549.650647811
2025-12-29 00:00:00+00:00,1051549.650647811
2025-12-30 00:00:00+00:00,1051549.650647811
2025-12-31 00:00:00+00:00,1051549.650647811
2026-01-01 00:00:00+00:00,1051549.650647811
2026-01-02 00:00:00+00:00,1051549.650647811
2026-01-03 00:00:00+00:00,1051549.650647811
2026-01-04 00:00:00+00:00,1051549.650647811
2026-01-05 00:00:00+00:00,1051549.650647811
2026-01-06 00:00:00+00:00,1051549.650647811
2026-01-07 00:00:00+00:00,1051549.650647811
2026-01-08 00:00:00+00:00,1051549.650647811
2026-01-09 00:00:00+00:00,1051549.650647811
2026-01-10 00:00:00+00:00,1051549.650647811
2026-01-11 00:00:00+00:00,1051549.650647811
2026-01-12 00:00:00+00:00,1051549.650647811
2026-01-13 00:00:00+00:00,1051549.650647811
2026-01-14 00:00:00+00:00,1051549.650647811
2026-01-15 00:00:00+00:00,1051549.650647811
2026-01-16 00:00:00+00:00,1051549.650647811
2026-01-17 00:00:00+00:00,1051549.650647811
2026-01-18 00:00:00+00:00,1051549.650647811
2026-01-19 00:00:00+00:00,1051549.650647811
2026-01-20 00:00:00+00:00,1051549.650647811
2026-01-21 00:00:00+00:00,1051549.650647811
2026-01-22 00:00:00+00:00,1051549.650647811
2026-01-23 00:00:00+00:00,1051549.650647811
2026-01-24 00:00:00+00:00,1051549.650647811
2026-01-25 00:00:00+00:00,1051549.650647811
2026-01-26 00:00:00+00:00,1051549.650647811
2026-01-27 00:00:00+00:00,1051549.650647811
2026-01-28 00:00:00+00:00,1051549.650647811
2026-01-29 00:00:00+00:00,1051549.650647811
2026-01-30 00:00:00+00:00,1051549.650647811
2026-01-31 00:00:00+00:00,1051549.650647811
2026-02-01 00:00:00+00:00,1051549.650647811
2026-02-02 00:00:00+00:00,1051549.650647811
2026-02-03 00:00:00+00:00,1051549.650647811
2026-02-04 00:00:00+00:00,1051549.650647811
2026-02-05 00:00:00+00:00,1051549.650647811
2026-02-06 00:00:00+00:00,1051549.650647811
2026-02-07 00:00:00+00:00,1051549.650647811
2026-02-08 00:00:00+00:00,1051549.650647811
2026-02-09 00:00:00+00:00,1051549.650647811
2026-02-10 00:00:00+00:00,1051549.650647811
2026-02-11 00:00:00+00:00,1051549.650647811
2026-02-12 00:00:00+00:00,1051549.650647811
2026-02-13 00:00:00+00:00,1051549.650647811
2026-02-14 00:00:00+00:00,1051549.650647811
2026-02-15 00:00:00+00:00,1051549.650647811
2026-02-16 00:00:00+00:00,1051549.650647811
2026-02-17 00:00:00+00:00,1051549.650647811
2026-02-18 00:00:00+00:00,1051549.650647811
2026-02-19 00:00:00+00:00,1051549.650647811
2026-02-20 00:00:00+00:00,1051549.650647811
2026-02-21 00:00:00+00:00,1051549.650647811
2026-02-22 00:00:00+00:00,1051549.650647811
2026-02-23 00:00:00+00:00,1051549.650647811
2026-02-24 00:00:00+00:00,1051549.650647811
2026-02-25 00:00:00+00:00,1051549.650647811
2026-02-26 00:00:00+00:00,1051549.650647811
2026-02-27 00:00:00+00:00,1051549.650647811
2026-02-28 00:00:00+00:00,1051549.650647811
2026-03-01 00:00:00+00:00,1051549.650647811
2026-03-02 00:00:00+00:00,1051549.650647811
2026-03-03 00:00:00+00:00,1052397.2484662835
2026-03-04 00:00:00+00:00,1048963.3309462979
2026-03-05 00:00:00+00:00,1048500.8212752101
2026-03-06 00:00:00+00:00,1047323.3265015992
2026-03-07 00:00:00+00:00,1047112.5846734254
2026-03-08 00:00:00+00:00,1045090.0813688618
2026-03-09 00:00:00+00:00,1046380.281892719
2026-03-10 00:00:00+00:00,1049274.631333417
2026-03-11 00:00:00+00:00,1050384.1945719155
2026-03-12 00:00:00+00:00,1050234.011608333
2026-03-13 00:00:00+00:00,1051943.3138578779
2026-03-14 00:00:00+00:00,1052438.6531325302
2026-03-15 00:00:00+00:00,1052204.3453429006
2026-03-16 00:00:00+00:00,1052171.7971162428
2026-03-17 00:00:00+00:00,1052931.8555374679
2026-03-18 00:00:00+00:00,1051981.843613706
2026-03-19 00:00:00+00:00,1051564.1840333042
2026-03-20 00:00:00+00:00,1053796.735121411
2026-03-21 00:00:00+00:00,1054375.8126772835
2026-03-22 00:00:00+00:00,1052176.385286947
2026-03-23 00:00:00+00:00,1050809.2757536392
2026-03-24 00:00:00+00:00,1052658.859527689
2026-03-25 00:00:00+00:00,1053677.8448667298
2026-03-26 00:00:00+00:00,1053541.2844059712
2026-03-27 00:00:00+00:00,1051850.6096392486
2026-03-28 00:00:00+00:00,1051850.6096392486
2026-03-29 00:00:00+00:00,1051850.6096392486
2026-03-30 00:00:00+00:00,1051850.6096392486
2026-03-31 00:00:00+00:00,1051850.6096392486
2026-04-01 00:00:00+00:00,1051850.6096392486
2026-04-02 00:00:00+00:00,1051137.8609065725
2026-04-03 00:00:00+00:00,1055452.5837515935
2026-04-04 00:00:00+00:00,1057524.610451904
2026-04-05 00:00:00+00:00,1055643.9164622868
2026-04-06 00:00:00+00:00,1056718.1779315195
2026-04-07 00:00:00+00:00,1054153.4174070705
2026-04-08 00:00:00+00:00,1056439.4342261003
2026-04-09 00:00:00+00:00,1057585.0506807761
2026-04-10 00:00:00+00:00,1058352.6668685414
2026-04-11 00:00:00+00:00,1058473.1472330643
2026-04-12 00:00:00+00:00,1056085.109259536
2026-04-13 00:00:00+00:00,1053909.9927210526
2026-04-14 00:00:00+00:00,1054029.783057214
2026-04-15 00:00:00+00:00,1054516.503440064
2026-04-16 00:00:00+00:00,1054858.9058497078
2026-04-17 00:00:00+00:00,1054521.1333412796
2026-04-18 00:00:00+00:00,1054539.5910703475
2026-04-19 00:00:00+00:00,1053766.7738939063
2026-04-20 00:00:00+00:00,1053409.3113396454
2026-04-21 00:00:00+00:00,1053365.0433407754
2026-04-22 00:00:00+00:00,1053220.5666417116
2026-04-23 00:00:00+00:00,1053105.3911544362
2026-04-24 00:00:00+00:00,1052799.8634945739
