entry_date,expiry,strike,contracts,entry_premium_usd,fee_usd,final_pnl_usd,index_at_entry,index_at_exit
2020-01-01 00:00:00+00:00,2020-01-31 08:00:00+00:00,7500.0,46.27155386818622,48204.149999999994,199.99999999999997,-36641.79163768909,7203.85,9329.33
2020-02-01 00:00:00+00:00,2020-02-28 08:00:00+00:00,9000.0,35.74949897077193,39259.05000000001,200.00000000000003,28596.916514032666,9324.14,8711.33
2020-03-01 00:00:00+00:00,2020-03-27 08:00:00+00:00,9000.0,38.776372780537365,38927.74999999999,199.99999999999997,-63107.923487430635,8596.3,6373.77
2020-04-01 00:00:00+00:00,2020-04-24 08:00:00+00:00,6500.0,51.58996399794363,63775.250000000015,200.0,11563.280096553142,6461.205,7508.18
2020-05-01 00:00:00+00:00,2020-05-29 08:00:00+00:00,9000.0,38.206145076374085,59302.700000000004,200.0,42744.8767775868,8724.6,9427.62
2020-06-01 00:00:00+00:00,2020-06-26 08:00:00+00:00,9500.0,35.246570024096314,47210.250000000015,200.0,34774.448706807045,9457.185000000001,9153.4
2020-07-01 00:00:00+00:00,2020-07-31 08:00:00+00:00,9000.0,36.475776163481505,39590.35,199.99999999999997,-46451.37686537572,9138.485,11353.39
2020-08-01 00:00:00+00:00,2020-08-28 08:00:00+00:00,11000.0,29.298298428073043,40915.55,199.99999999999997,25036.23650451175,11377.225,11535.16
2020-09-01 00:00:00+00:00,2020-09-25 08:00:00+00:00,10000.0,28.44336435508867,60130.95000000001,199.99999999999997,40229.93803254303,11719.195,10692.64
2020-10-01 00:00:00+00:00,2020-10-30 08:00:00+00:00,10500.0,30.948244940503546,34123.9,199.99999999999997,-60827.24670984566,10770.67,13561.6
2020-11-01 00:00:00+00:00,2020-11-27 08:00:00+00:00,14000.0,24.110439313903694,40584.25,199.99999999999997,-35381.60002197669,13825.27,17142.45
2020-12-01 00:00:00+00:00,2020-12-25 08:00:00+00:00,19000.0,16.965112687792136,58805.75000000001,200.0,-38018.71001106634,19648.165,24695.48
2021-01-01 00:00:00+00:00,2021-01-29 08:00:00+00:00,32000.0,11.616597678597204,78352.45000000001,200.0,50641.460591436866,28694.575,34334.92
2021-02-01 00:00:00+00:00,2021-02-26 08:00:00+00:00,38000.0,10.012048499163894,81168.5,200.0,-2444.4792869188823,33293.22,46331.26
2021-03-01 00:00:00+00:00,2021-03-26 08:00:00+00:00,50000.0,7.049892476802417,62218.13999999999,199.99999999999997,26272.06980897612,47282.045,55070.44
2021-04-01 00:00:00+00:00,2021-04-23 08:00:00+00:00,58000.0,5.671694368498094,44659.24,199.99999999999997,5800.171907846743,58771.384999999995,51183.86
2021-05-01 00:00:00+00:00,2021-05-21 08:00:00+00:00,58000.0,5.776960954011955,36608.65000000001,200.00000000000003,-82914.82512277414,57700.465,37344.94
2021-06-01 00:00:00+00:00,2021-06-25 08:00:00+00:00,40000.0,8.929448826645869,69573.00000000001,200.0,-5609.0105091576115,37329.665,31602.84
2021-07-01 00:00:00+00:00,2021-07-30 08:00:00+00:00,35000.0,9.596479550669796,73714.25,200.0,4269.604259800501,34734.96,42215.63
2021-08-01 00:00:00+00:00,2021-08-27 08:00:00+00:00,38000.0,8.020937856179774,60462.25,200.00000000000003,-28533.46232745961,41557.899999999994,49070.49
2021-09-01 00:00:00+00:00,2021-09-24 08:00:00+00:00,50000.0,7.0855585086982495,58971.399999999994,200.0,8044.115246474619,47044.045,42840.75
2021-10-01 00:00:00+00:00,2021-10-22 08:00:00+00:00,48000.0,7.3218443345142745,39259.049999999996,199.99999999999997,-53856.17966319298,45525.869999999995,60690.14
2021-11-01 00:00:00+00:00,2021-11-26 08:00:00+00:00,62000.0,5.451137651064993,54995.80000000001,200.0,9971.20411433879,61149.315,53777.02
2021-12-01 00:00:00+00:00,2021-12-31 08:00:00+00:00,54000.0,5.816490086752368,63278.3,199.99999999999997,17730.151368435618,57308.33,46203.52
2022-01-01 00:00:00+00:00,2022-01-21 08:00:00+00:00,46000.0,7.199972208107276,47707.2,200.0,-21015.223503445275,46296.475000000006,36482.96
2022-02-01 00:00:00+00:00,2022-02-25 08:00:00+00:00,37000.0,8.652544070759813,44062.90000000001,199.99999999999997,24579.44230755986,38524.315,39227.84
2022-03-01 00:00:00+00:00,2022-03-25 08:00:00+00:00,42000.0,7.712363694094184,48701.1,199.99999999999997,30505.33757513432,43220.645000000004,44332.88
2022-04-01 00:00:00+00:00,2022-04-29 08:00:00+00:00,46000.0,7.334379802643575,44725.50000000001,200.0,-9904.839454166664,45448.06,38578.74
2022-05-01 00:00:00+00:00,2022-05-27 08:00:00+00:00,38000.0,8.81944341550938,39093.399999999994,200.0,-44106.29378892464,37795.28,28589.01
2022-06-01 00:00:00+00:00,2022-06-24 08:00:00+00:00,30000.0,10.46012357694595,47375.9,199.99999999999997,-44848.29238301122,31867.055,21202.38
2022-07-01 00:00:00+00:00,2022-07-29 08:00:00+00:00,19000.0,16.828009413925024,63609.59999999999,199.99999999999997,-16810.53055674545,19808.245000000003,23767.06
2022-08-01 00:00:00+00:00,2022-08-26 08:00:00+00:00,23000.0,14.302042109931646,51848.45,199.99999999999997,12330.419994726646,23306.695,20250.88
2022-09-01 00:00:00+00:00,2022-09-30 08:00:00+00:00,20000.0,16.60806924634824,51848.45,200.0,42166.30495988047,20070.565,19452.19
2022-10-01 00:00:00+00:00,2022-10-28 08:00:00+00:00,20000.0,17.152873440782365,46547.65000000001,200.0,35959.49136105558,19433.09,20600.69
2022-11-01 00:00:00+00:00,2022-11-25 08:00:00+00:00,20000.0,16.268661985521867,36443.0,200.0,-20613.533340101072,20489.29,16505.15
2022-12-01 00:00:00+00:00,2022-12-30 08:00:00+00:00,17000.0,19.394187639541183,42737.700000000004,199.99999999999997,34730.64981960501,17187.28,16598.04
2023-01-01 00:00:00+00:00,2023-01-20 08:00:00+00:00,16500.0,20.153919514113184,25013.149999999998,199.99999999999997,-99687.48625923909,16539.38,22677.49
2023-02-01 00:00:00+00:00,2023-02-24 08:00:00+00:00,23500.0,14.239792987585462,31639.149999999998,199.99999999999997,26021.638079799268,23408.58,23188.53
2023-03-01 00:00:00+00:00,2023-03-24 08:00:00+00:00,22500.0,14.248140920382886,34455.200000000004,199.99999999999997,-36901.58305189337,23394.864999999998,27494.11
2023-04-01 00:00:00+00:00,2023-04-28 08:00:00+00:00,28000.0,11.63748625176468,40252.95,199.99999999999997,24558.896642589156,28643.07,29331.2
2023-05-01 00:00:00+00:00,2023-05-26 08:00:00+00:00,29000.0,11.374539764793854,33461.3,199.99999999999997,7326.21188228951,29305.215,26719.9
2023-06-01 00:00:00+00:00,2023-06-30 08:00:00+00:00,27000.0,12.236684147381805,28988.749999999996,200.0,-13688.941148172362,27240.495000000003,30471.34
2023-07-01 00:00:00+00:00,2023-07-21 08:00:00+00:00,31000.0,10.95422470488771,29320.050000000007,200.00000000000003,17170.792919223793,30429.66,29909.28
2023-08-01 00:00:00+00:00,2023-08-25 08:00:00+00:00,29000.0,11.39273574105132,21534.500000000004,199.99999999999997,-12271.564034238345,29258.41,26050.22
2023-09-01 00:00:00+00:00,2023-09-22 08:00:00+00:00,26000.0,12.856677169929082,20374.95,199.99999999999997,12695.17801441802,25926.864999999998,26580.24
2023-10-01 00:00:00+00:00,2023-10-27 08:00:00+00:00,27500.0,12.281842996165425,20871.899999999998,200.0,-58123.983199918745,27140.335,33915.64
2023-11-01 00:00:00+00:00,2023-11-24 08:00:00+00:00,35000.0,9.623510467035217,33461.3,200.0,6917.13226370986,34637.395000000004,37737.48
2023-12-01 00:00:00+00:00,2023-12-29 08:00:00+00:00,40000.0,8.766750520635398,34952.15,200.0,16582.920786066054,38022.45,42072.41
2024-01-01 00:00:00+00:00,2024-01-26 08:00:00+00:00,43000.0,7.835745841941881,44062.90000000001,200.0,34535.89801641941,42540.09,41814.3
2024-02-01 00:00:00+00:00,2024-02-23 08:00:00+00:00,43000.0,7.851678033148371,26669.65,200.0,-34275.642271255674,42453.770000000004,50736.6
2024-03-01 00:00:00+00:00,2024-03-22 08:00:00+00:00,63000.0,5.457929569348617,45222.450000000004,200.0,38260.98387195401,61073.22,63817.26
2024-04-01 00:00:00+00:00,2024-04-26 08:00:00+00:00,66000.0,4.742581115151079,50026.299999999996,200.0,39107.74509681894,70285.215,63748.7
2024-05-01 00:00:00+00:00,2024-05-31 08:00:00+00:00,63000.0,5.536527433521116,47707.20000000001,200.0,22695.9166278466,60206.21,67481.38
2024-06-01 00:00:00+00:00,2024-06-21 08:00:00+00:00,69000.0,4.938418660071705,29320.049999999996,199.99999999999997,4995.13407118656,67497.98999999999,64114.85
2024-07-01 00:00:00+00:00,2024-07-26 08:00:00+00:00,60000.0,5.3115872701224704,33130.0,199.99999999999997,-9124.757798906787,62755.88,67917.55
2024-08-01 00:00:00+00:00,2024-08-30 08:00:00+00:00,61000.0,5.176648202080195,38596.450000000004,200.0,28570.51853019797,64391.729999999996,59110.54
2024-09-01 00:00:00+00:00,2024-09-20 08:00:00+00:00,57000.0,5.68166677831142,35946.05000000001,200.0,532.6133580536407,58668.229999999996,63197.73
2024-10-01 00:00:00+00:00,2024-10-25 08:00:00+00:00,61000.0,5.259853184347992,34952.15,199.99999999999997,5283.664739094122,63373.125,66602.53
2024-11-01 00:00:00+00:00,2024-11-29 08:00:00+00:00,69000.0,4.7702820586686485,39259.05,199.99999999999997,-96958.14896574557,69877.07,97513.45
2024-12-01 00:00:00+00:00,2024-12-27 08:00:00+00:00,96000.0,3.4617092636049542,36443.0,200.0,29224.12509133202,96291.54500000001,94148.57
2025-01-01 00:00:00+00:00,2025-01-31 08:00:00+00:00,98000.0,3.523670379100068,42572.05,200.0,26858.205400128103,94598.33,102402.19
2025-02-01 00:00:00+00:00,2025-02-21 08:00:00+00:00,101000.0,3.231654808594095,28491.8,200.0,12554.452360573017,103146.33,96130.27
2025-03-01 00:00:00+00:00,2025-03-28 08:00:00+00:00,86000.0,3.910357632119693,34786.5,199.99999999999997,27667.756661064002,85243.695,84369.46
2025-04-01 00:00:00+00:00,2025-04-18 08:00:00+00:00,83000.0,3.9817927747224493,29154.4,200.0,22832.177510496935,83714.385,84471.58
2025-05-01 00:00:00+00:00,2025-05-30 08:00:00+00:00,96000.0,3.526922027460298,32798.700000000004,200.0,4333.52364127605,94511.11499999999,104014.12
2025-06-01 00:00:00+00:00,2025-06-27 08:00:00+00:00,105000.0,3.187101621261066,30810.900000000005,200.0,23845.78365920877,104588.235,107106.8
2025-07-01 00:00:00+00:00,2025-07-25 08:00:00+00:00,110000.0,3.1048704457100516,24847.5,199.99999999999997,904.4004519047485,107358.21,117647.05
2025-08-01 00:00:00+00:00,2025-08-29 08:00:00+00:00,114000.0,2.8948375291253217,25675.75,199.99999999999994,9195.73181889593,115147.51000000001,108376.19
2025-09-01 00:00:00+00:00,2025-09-26 08:00:00+00:00,112000.0,3.0836802743463996,26504.0,200.0,19158.631199125884,108095.945,109694.55
2025-10-01 00:00:00+00:00,2025-10-31 08:00:00+00:00,122000.0,2.93151677792066,35415.97000000001,199.99999999999997,-1226.125478680624,113706.78,109568.86
2025-11-01 00:00:00+00:00,2025-11-21 08:00:00+00:00,107000.0,3.023504954277424,28491.8,200.00000000000003,-37967.04120090896,110247.32500000001,85085.42
2025-12-01 00:00:00+00:00,2025-12-19 08:00:00+00:00,93000.0,3.670966230799998,29320.05,199.99999999999997,11161.843863188486,90802.61499999999,88108.06
2026-01-01 00:00:00+00:00,2026-01-23 08:00:00+00:00,91000.0,3.75853127873221,27199.730000000003,200.0,21155.181248035606,88687.125,89495.37
2026-02-01 00:00:00+00:00,2026-02-27 08:00:00+00:00,76000.0,4.277000447203168,30313.950000000008,200.00000000000003,-13191.834318052828,77936.23999999999,65874.73
2026-03-01 00:00:00+00:00,2026-03-27 08:00:00+00:00,68000.0,4.9923969538690285,38596.450000000004,200.0,29937.4054309313,66768.195,66365.5
2026-04-01 00:00:00+00:00,2026-04-24 08:00:00+00:00,67000.0,4.897677837069883,34786.5,199.99999999999997,-16574.00598791315,68059.465,77445.87
2026-05-01 00:00:00+00:00,2026-05-29 08:00:00+00:00,79000.0,4.3447721843687575,27000.95,200.0,2409.92032961567,76720.555,73386.12
2026-06-01 00:00:00+00:00,2026-06-26 08:00:00+00:00,64000.0,4.764899160677307,25013.150000000005,200.0,5719.6720180098455,69956.01000000001,59992.89
