entry_date,expiry,strike,contracts,entry_premium_usd,final_pnl_usd,index_at_entry
2020-01-01 00:00:00+00:00,2020-01-31 08:00:00+00:00,7000.0,46.45262227375366,42407.96134306198,-65995.52529786063,7175.77
2020-02-01 00:00:00+00:00,2020-02-28 08:00:00+00:00,9500.0,35.45612712014344,40088.77595711328,11925.59117587362,9401.29
2020-03-01 00:00:00+00:00,2020-03-27 08:00:00+00:00,8500.0,39.02359835039445,39426.15156112794,-43746.993959431245,8541.84
2020-04-01 00:00:00+00:00,2020-04-24 08:00:00+00:00,6500.0,52.912110603243036,62783.66151961129,9238.729851633652,6299.755
2020-05-01 00:00:00+00:00,2020-05-29 08:00:00+00:00,8500.0,38.37288234452172,56654.38585674686,20858.932726973635,8686.689999999999
2020-06-01 00:00:00+00:00,2020-06-26 08:00:00+00:00,9500.0,35.189973954140775,46549.36381797038,34133.20977741726,9472.395
2020-07-01 00:00:00+00:00,2020-07-31 08:00:00+00:00,9000.0,36.475776163481505,39591.807660124265,-46449.919205251455,9138.485
2020-08-01 00:00:00+00:00,2020-08-28 08:00:00+00:00,11500.0,28.896005011723112,35119.09298722321,31731.09148071715,11535.619999999999
2020-09-01 00:00:00+00:00,2020-09-25 08:00:00+00:00,11500.0,28.735718886508135,35119.0929872232,11719.022981098125,11599.965
2020-10-01 00:00:00+00:00,2020-10-23 08:00:00+00:00,10750.0,30.861597155548317,23854.47825547237,-44119.44079394105,10800.91
2020-11-01 00:00:00+00:00,2020-11-27 08:00:00+00:00,14000.0,24.153915512743545,39260.4954621316,-36841.97634088938,13800.385
2020-12-01 00:00:00+00:00,2020-12-25 08:00:00+00:00,20000.0,17.028635864929544,62121.03712362596,-18036.58200743342,19574.87
2021-01-01 00:00:00+00:00,2021-01-22 08:00:00+00:00,29000.0,11.390870900425565,55494.79316377251,9633.468515949655,29263.199999999997
2021-02-01 00:00:00+00:00,2021-02-26 08:00:00+00:00,34000.0,10.138245110324382,80343.20801322289,-44874.12838591577,32878.8
2021-03-02 00:00:00+00:00,2021-03-26 08:00:00+00:00,46000.0,6.939486326037123,86638.13977508365,23493.94542394347,48034.295
2021-04-01 00:00:00+00:00,2021-04-30 08:00:00+00:00,60000.0,5.654130610982527,56157.41755975784,43373.68228443488,58953.95
2021-05-01 00:00:00+00:00,2021-05-28 08:00:00+00:00,56000.0,5.731449440291007,47211.988213955716,-69382.51627745166,58158.645000000004
2021-06-01 00:00:00+00:00,2021-06-25 08:00:00+00:00,36000.0,8.867805975775017,65102.84690556,25909.679951070175,37589.155
2021-07-01 00:00:00+00:00,2021-07-30 08:00:00+00:00,35000.0,9.684560781199284,70403.84207344273,323.63476379774875,34419.045
2021-08-01 00:00:00+00:00,2021-08-27 08:00:00+00:00,42000.0,7.9686624380959445,56323.07365875418,-219.2744233323101,41830.525
2021-09-01 00:00:00+00:00,2021-09-24 08:00:00+00:00,48000.0,7.0559766503620684,56323.07365875418,19719.52306365853,47241.275
2021-10-01 00:00:00+00:00,2021-10-22 08:00:00+00:00,44000.0,7.505703771938891,45721.0833229887,-79750.16342919946,44410.67
2021-11-01 00:00:00+00:00,2021-11-26 08:00:00+00:00,62000.0,5.525814241852346,60133.163935669916,14494.503937445337,60322.935
2021-12-02 00:00:00+00:00,2021-12-24 08:00:00+00:00,58000.0,5.895388859701802,51022.07849087145,8526.082747727116,56541.365
2022-01-01 00:00:00+00:00,2022-01-28 08:00:00+00:00,46000.0,7.088519338384541,49365.51750090808,-9341.632529056864,47024.395000000004
2022-02-01 00:00:00+00:00,2022-02-25 08:00:00+00:00,38000.0,8.577967310824835,43401.897937040005,32346.558554612795,38859.244999999995
2022-03-01 00:00:00+00:00,2022-03-25 08:00:00+00:00,44000.0,7.669512132362894,48702.89310492276,43289.06212542624,43462.130000000005
2022-04-01 00:00:00+00:00,2022-04-22 08:00:00+00:00,46000.0,7.332824435317523,41910.993046072974,-4352.343491704662,45457.7
2022-05-01 00:00:00+00:00,2022-05-27 08:00:00+00:00,38000.0,8.817781126183197,36775.65397718656,-46408.39602351226,37802.405
2022-06-01 00:00:00+00:00,2022-06-24 08:00:00+00:00,32000.0,10.520507361988038,42242.30524406564,-71554.13545788362,31684.15
2022-07-01 00:00:00+00:00,2022-07-29 08:00:00+00:00,20000.0,16.83058393121879,62286.69322262229,-1315.1262813147841,19805.215
2022-08-01 00:00:00+00:00,2022-08-26 08:00:00+00:00,23000.0,14.288667957504929,52512.983381838465,13031.720526484467,23328.510000000002
2022-09-01 00:00:00+00:00,2022-09-30 08:00:00+00:00,20000.0,16.577735405086084,51850.358985853134,42185.53262848988,20107.29
2022-10-01 00:00:00+00:00,2022-10-28 08:00:00+00:00,19000.0,17.19171895527987,47046.3321149594,19327.719466960905,19389.18
2022-11-01 00:00:00+00:00,2022-11-25 08:00:00+00:00,20000.0,16.252979577481042,36775.65397718657,-20226.071699173022,20509.06
2022-12-01 00:00:00+00:00,2022-12-30 08:00:00+00:00,17000.0,19.403484497149485,42573.61744205832,34562.82485000799,17179.045
2023-01-01 00:00:00+00:00,2023-01-27 08:00:00+00:00,17000.0,20.173337384139483,29983.75391833679,-92896.56444920451,16523.46
2023-02-01 00:00:00+00:00,2023-02-24 08:00:00+00:00,23000.0,14.417896531263155,36444.34177919389,31733.07803315468,23119.415
2023-03-01 00:00:00+00:00,2023-03-31 08:00:00+00:00,23000.0,14.380346208273,36113.02958120122,-42821.954371410946,23179.785
2023-04-01 00:00:00+00:00,2023-04-28 08:00:00+00:00,28000.0,11.664175781928435,38432.214967149914,22702.627389075336,28577.53
2023-05-01 00:00:00+00:00,2023-05-26 08:00:00+00:00,29000.0,11.5361310181472,38597.871066146254,12094.338731664735,28894.725
2023-06-01 00:00:00+00:00,2023-06-30 08:00:00+00:00,27000.0,12.258924420359744,29818.097819340455,-12936.796878031138,27191.075
2023-07-01 00:00:00+00:00,2023-07-21 08:00:00+00:00,30500.0,10.963705912403169,25014.070948446715,18221.25917552882,30403.345
2023-08-01 00:00:00+00:00,2023-08-25 08:00:00+00:00,29000.0,11.383753914659527,21700.94896852,-12078.620653864371,29281.495
2023-09-01 00:00:00+00:00,2023-09-29 08:00:00+00:00,26000.0,12.820714993326177,24020.134354468704,12142.971193358422,25999.59
2023-10-01 00:00:00+00:00,2023-10-27 08:00:00+00:00,27000.0,12.295402201971285,21700.94896852,-63529.6263155207,27110.405
2023-11-01 00:00:00+00:00,2023-11-24 08:00:00+00:00,35000.0,9.637529619742597,34125.15639324519,7542.611506360263,34587.009999999995
2023-12-01 00:00:00+00:00,2023-12-22 08:00:00+00:00,37500.0,8.765083832767813,29155.473423355117,-27992.415699035595,38029.67999999999
2024-01-01 00:00:00+00:00,2024-01-26 08:00:00+00:00,42000.0,7.779986645652924,46350.57649917478,42700.76065789195,42844.975
2024-02-01 00:00:00+00:00,2024-02-23 08:00:00+00:00,43000.0,7.851678033148371,26670.631938410068,-34274.66033284561,42453.770000000004
2024-03-01 00:00:00+00:00,2024-03-29 08:00:00+00:00,61000.0,5.438154412207156,45389.771124996034,-3244.11789798877,61295.305
2024-04-01 00:00:00+00:00,2024-04-26 08:00:00+00:00,71000.0,4.755833600611181,48868.54920391909,14182.573015804774,70089.36
2024-05-01 00:00:00+00:00,2024-05-31 08:00:00+00:00,61000.0,5.558086800919474,43898.86623402901,7674.793604285485,59972.675
2024-06-01 00:00:00+00:00,2024-06-28 08:00:00+00:00,68000.0,4.93993654651506,35781.71738320855,-2384.510740591206,67477.25
2024-07-01 00:00:00+00:00,2024-07-26 08:00:00+00:00,63000.0,5.287530628021163,29818.09781934046,3615.5729247684285,63041.4
2024-08-01 00:00:00+00:00,2024-08-30 08:00:00+00:00,65000.0,5.158064369290587,33959.50029424886,3381.286513861407,64623.725
2024-09-01 00:00:00+00:00,2024-09-27 08:00:00+00:00,59000.0,5.730161700292546,35119.09298722321,-3963.8933576009003,58171.715
2024-10-01 00:00:00+00:00,2024-11-08 08:00:00+00:00,63000.0,5.2437982057453,41910.99304607298,-29395.53987961795,63567.155
2024-11-01 00:00:00+00:00,2024-11-29 08:00:00+00:00,70000.0,4.76716191996779,42573.61744205831,-88787.45368487947,69922.805
2024-12-01 00:00:00+00:00,2024-12-27 08:00:00+00:00,97000.0,3.4623332934126303,37935.24667016091,27719.580476638097,96274.19
2025-01-02 00:00:00+00:00,2025-01-31 08:00:00+00:00,93000.0,3.546811105583406,44892.80282800703,11345.010919199463,93981.13500000001
2025-02-01 00:00:00+00:00,2025-02-21 08:00:00+00:00,102000.0,3.2595761335204525,33296.87589826351,13964.042685435357,102262.785
2025-03-01 00:00:00+00:00,2025-03-28 08:00:00+00:00,84000.0,3.9426059087440493,37769.59057116458,33293.66226161571,84546.45000000001
2025-04-01 00:00:00+00:00,2025-04-25 08:00:00+00:00,82000.0,4.025738397414333,33628.188096256185,-17911.892656432938,82800.545
2025-05-01 00:00:00+00:00,2025-05-30 08:00:00+00:00,94000.0,3.513324643827492,31143.34661131114,-4239.507970934606,94876.89499999999
2025-06-01 00:00:00+00:00,2025-06-27 08:00:00+00:00,105000.0,3.1898817970160827,31143.346611311146,24172.328917295068,104497.08
2025-07-01 00:00:00+00:00,2025-07-25 08:00:00+00:00,108000.0,3.11160633363113,24517.102651457713,-5700.719229398652,107125.805
2025-08-01 00:00:00+00:00,2025-08-22 08:00:00+00:00,116000.0,2.88034257642467,21535.292869523666,17793.195721127377,115726.975
2025-09-01 00:00:00+00:00,2025-09-26 08:00:00+00:00,108000.0,3.0860594270736845,25974.876322625463,20400.68702229816,108012.61
2025-10-01 00:00:00+00:00,2025-10-31 08:00:00+00:00,114000.0,2.918363111143174,26008.007542424722,12875.587327418905,114219.28
2025-11-01 00:00:00+00:00,2025-11-28 08:00:00+00:00,110000.0,3.0401191605106157,29619.31050054486,-28602.21491116518,109644.825
2025-12-01 00:00:00+00:00,2025-12-26 08:00:00+00:00,90000.0,3.692261385669514,33296.87589826351,23154.770386031578,90278.91
2026-01-01 00:00:00+00:00,2026-01-30 08:00:00+00:00,88000.0,3.8064284219310953,30248.803676730928,15310.981069632766,87571.155
2026-02-01 00:00:00+00:00,2026-02-27 08:00:00+00:00,78000.0,4.245314298023271,31309.00271030748,-20366.579388085163,78517.94
2026-03-02 00:00:00+00:00,2026-03-27 08:00:00+00:00,67000.0,5.0107462970459595,38763.52716514259,33567.950338680945,66523.69
2026-04-01 00:00:00+00:00,2026-04-24 08:00:00+00:00,68000.0,4.911476408717644,33959.50029424885,-12633.667370564857,67868.255
2026-05-01 00:00:00+00:00,2026-05-29 08:00:00+00:00,76000.0,4.352840938225266,27167.60023539908,15589.302002674096,76578.34
2026-06-01 00:00:00+00:00,2026-06-26 08:00:00+00:00,74000.0,4.528449599691848,25676.695344432053,-37953.796327907636,73608.70999999999
