start,end,dir,days
2020-11-12 16:00:00,2020-11-26 16:00:00,1.0,14
2020-12-01 16:00:00,2020-12-04 16:00:00,1.0,3
2020-12-08 16:00:00,2021-01-01 16:00:00,-1.0,24
2021-01-03 16:00:00,2021-03-25 16:00:00,1.0,81
2021-03-26 16:00:00,2021-05-21 16:00:00,1.0,56
2021-05-23 16:00:00,2021-06-03 16:00:00,-1.0,11
2021-06-07 16:00:00,2021-06-08 16:00:00,1.0,1
2021-06-09 16:00:00,2021-06-12 16:00:00,1.0,3
2021-06-14 16:00:00,2021-06-18 16:00:00,1.0,4
2021-06-20 16:00:00,2021-06-29 16:00:00,-1.0,9
2021-06-30 16:00:00,2021-07-03 16:00:00,-1.0,3
2021-07-05 16:00:00,2021-07-07 16:00:00,-1.0,2
2021-07-09 16:00:00,2021-07-26 16:00:00,-1.0,17
2021-07-27 16:00:00,2021-07-30 16:00:00,-1.0,3
2021-08-01 16:00:00,2021-09-28 16:00:00,1.0,58
2021-09-30 16:00:00,2021-10-11 16:00:00,1.0,11
2021-10-14 16:00:00,2021-11-17 16:00:00,1.0,34
2021-11-19 16:00:00,2021-11-20 16:00:00,1.0,1
2021-11-21 16:00:00,2021-11-24 16:00:00,1.0,3
2021-11-25 16:00:00,2021-11-26 16:00:00,1.0,1
2021-11-26 16:00:00,2021-11-30 16:00:00,-1.0,4
2021-12-01 16:00:00,2021-12-04 16:00:00,1.0,3
2021-12-05 16:00:00,2021-12-24 16:00:00,-1.0,19
2021-12-28 16:00:00,2022-02-07 16:00:00,-1.0,41
2022-02-08 16:00:00,2022-03-02 16:00:00,-1.0,22
2022-03-03 16:00:00,2022-03-19 16:00:00,-1.0,16
2022-03-20 16:00:00,2022-03-22 16:00:00,-1.0,2
2022-03-24 16:00:00,2022-04-09 16:00:00,1.0,16
2022-04-10 16:00:00,2022-04-11 16:00:00,1.0,1
2022-04-16 16:00:00,2022-04-21 16:00:00,-1.0,5
2022-04-22 16:00:00,2022-06-26 16:00:00,-1.0,65
2022-06-27 16:00:00,2022-07-07 16:00:00,-1.0,10
2022-07-10 16:00:00,2022-07-15 16:00:00,-1.0,5
2022-07-18 16:00:00,2022-07-25 16:00:00,1.0,7
2022-07-28 16:00:00,2022-08-04 16:00:00,1.0,7
2022-08-06 16:00:00,2022-08-09 16:00:00,1.0,3
2022-08-10 16:00:00,2022-08-17 16:00:00,1.0,7
2022-08-20 16:00:00,2022-09-11 16:00:00,-1.0,22
2022-09-13 16:00:00,2022-09-27 16:00:00,-1.0,14
2022-09-28 16:00:00,2022-09-29 16:00:00,-1.0,1
2022-10-01 16:00:00,2022-10-04 16:00:00,-1.0,3
2022-10-07 16:00:00,2022-10-26 16:00:00,-1.0,19
2022-10-31 16:00:00,2022-11-02 16:00:00,1.0,2
2022-11-04 16:00:00,2022-11-08 16:00:00,1.0,4
2022-11-09 16:00:00,2023-01-03 16:00:00,-1.0,55
2023-01-09 16:00:00,2023-02-10 16:00:00,1.0,32
2023-02-14 16:00:00,2023-02-25 16:00:00,1.0,11
2023-02-26 16:00:00,2023-02-28 16:00:00,1.0,2
2023-03-03 16:00:00,2023-03-14 16:00:00,-1.0,11
2023-03-15 16:00:00,2023-03-18 16:00:00,-1.0,3
2023-03-21 16:00:00,2023-03-24 16:00:00,1.0,3
2023-03-27 16:00:00,2023-03-29 16:00:00,-1.0,2
2023-03-30 16:00:00,2023-04-11 16:00:00,-1.0,12
2023-04-11 16:00:00,2023-04-20 16:00:00,1.0,9
2023-04-26 16:00:00,2023-05-01 16:00:00,1.0,5
2023-05-04 16:00:00,2023-05-05 16:00:00,-1.0,1
2023-05-05 16:00:00,2023-05-06 16:00:00,1.0,1
2023-05-06 16:00:00,2023-05-07 16:00:00,-1.0,1
2023-05-07 16:00:00,2023-05-08 16:00:00,1.0,1
2023-05-08 16:00:00,2023-05-30 16:00:00,-1.0,22
2023-05-31 16:00:00,2023-06-01 16:00:00,-1.0,1
2023-06-04 16:00:00,2023-06-05 16:00:00,1.0,1
2023-06-05 16:00:00,2023-06-29 16:00:00,-1.0,24
2023-07-02 16:00:00,2023-08-01 16:00:00,1.0,30
2023-08-08 16:00:00,2023-08-16 16:00:00,1.0,8
2023-08-18 16:00:00,2023-09-18 16:00:00,-1.0,31
2023-09-21 16:00:00,2023-09-29 16:00:00,-1.0,8
2023-09-30 16:00:00,2023-10-12 16:00:00,1.0,12
2023-10-14 16:00:00,2024-01-13 16:00:00,1.0,91
2024-01-14 16:00:00,2024-01-19 16:00:00,1.0,5
2024-01-23 16:00:00,2024-01-26 16:00:00,-1.0,3
2024-01-29 16:00:00,2024-02-21 16:00:00,1.0,23
2024-02-22 16:00:00,2024-02-23 16:00:00,1.0,1
2024-02-26 16:00:00,2024-04-09 16:00:00,1.0,43
2024-04-11 16:00:00,2024-04-12 16:00:00,1.0,1
2024-04-13 16:00:00,2024-05-06 16:00:00,-1.0,23
2024-05-08 16:00:00,2024-05-15 16:00:00,-1.0,7
2024-05-16 16:00:00,2024-06-08 16:00:00,1.0,23
2024-06-11 16:00:00,2024-06-27 16:00:00,-1.0,16
2024-06-28 16:00:00,2024-07-01 16:00:00,-1.0,3
2024-07-03 16:00:00,2024-07-14 16:00:00,-1.0,11
2024-07-16 16:00:00,2024-08-01 16:00:00,1.0,16
2024-08-04 16:00:00,2024-08-08 16:00:00,-1.0,4
2024-08-09 16:00:00,2024-08-24 16:00:00,-1.0,15
2024-08-28 16:00:00,2024-09-19 16:00:00,-1.0,22
2024-09-21 16:00:00,2024-10-03 16:00:00,1.0,12
2024-10-06 16:00:00,2024-10-08 16:00:00,1.0,2
2024-10-10 16:00:00,2024-10-11 16:00:00,-1.0,1
2024-10-12 16:00:00,2024-11-03 16:00:00,1.0,22
2024-11-04 16:00:00,2024-12-09 16:00:00,1.0,35
2024-12-11 16:00:00,2024-12-13 16:00:00,1.0,2
2024-12-17 16:00:00,2025-01-02 16:00:00,-1.0,16
2025-01-06 16:00:00,2025-01-08 16:00:00,1.0,2
2025-01-08 16:00:00,2025-01-16 16:00:00,-1.0,8
2025-01-18 16:00:00,2025-02-01 16:00:00,1.0,14
2025-02-05 16:00:00,2025-03-24 16:00:00,-1.0,47
2025-03-26 16:00:00,2025-04-12 16:00:00,-1.0,17
2025-04-19 16:00:00,2025-05-30 16:00:00,1.0,41
2025-06-02 16:00:00,2025-06-11 16:00:00,-1.0,9
2025-06-12 16:00:00,2025-06-29 16:00:00,-1.0,17
2025-07-01 16:00:00,2025-07-02 16:00:00,-1.0,1
2025-07-04 16:00:00,2025-07-06 16:00:00,-1.0,2
2025-07-06 16:00:00,2025-08-01 16:00:00,1.0,26
2025-08-06 16:00:00,2025-08-08 16:00:00,-1.0,2
2025-08-08 16:00:00,2025-08-19 16:00:00,1.0,11
2025-08-20 16:00:00,2025-09-23 16:00:00,1.0,34
2025-09-27 16:00:00,2025-10-01 16:00:00,-1.0,4
2025-10-02 16:00:00,2025-10-09 16:00:00,1.0,7
2025-10-11 16:00:00,2026-01-03 16:00:00,-1.0,84
2026-01-06 16:00:00,2026-01-19 16:00:00,1.0,13
2026-01-22 16:00:00,2026-03-04 16:00:00,-1.0,41
2026-03-05 16:00:00,2026-03-13 16:00:00,-1.0,8
2026-03-14 16:00:00,2026-03-16 16:00:00,-1.0,2
2026-03-18 16:00:00,2026-03-19 16:00:00,1.0,1
2026-03-19 16:00:00,2026-03-21 16:00:00,-1.0,2
2026-03-22 16:00:00,2026-03-23 16:00:00,-1.0,1
2026-03-24 16:00:00,2026-03-26 16:00:00,1.0,2
2026-03-27 16:00:00,2026-04-11 16:00:00,-1.0,15
2026-04-12 16:00:00,2026-04-14 16:00:00,-1.0,2
2026-04-15 16:00:00,2026-04-16 16:00:00,-1.0,1
2026-04-17 16:00:00,2026-04-27 16:00:00,1.0,10
2026-04-29 16:00:00,2026-05-05 16:00:00,-1.0,6
2026-05-06 16:00:00,2026-05-16 16:00:00,1.0,10
2026-05-20 16:00:00,2026-06-15 16:00:00,-1.0,26
2026-06-16 16:00:00,2026-06-21 16:00:00,-1.0,5
2026-06-22 16:00:00,2026-06-27 16:00:00,-1.0,5
2026-06-28 16:00:00,2026-06-29 16:00:00,-1.0,1
