date,stablecoin_mcap
2017-11-29,110105.0
2017-11-30,110105.0
2017-12-01,110105.0
2017-12-02,110105.0
2017-12-03,110105.0
2017-12-04,110105.0
2017-12-05,110105.0
2017-12-06,110105.0
2017-12-07,110105.0
2017-12-08,110105.0
2017-12-09,110105.0
2017-12-10,110105.0
2017-12-11,110105.0
2017-12-12,110105.0
2017-12-13,110105.0
2017-12-14,110105.0
2017-12-15,110105.0
2017-12-16,110105.0
2017-12-17,110105.0
2017-12-18,110105.0
2017-12-19,110105.0
2017-12-20,110105.0
2017-12-21,110105.0
2017-12-22,110105.0
2017-12-23,110105.0
2017-12-24,110105.0
2017-12-25,110105.0
2017-12-26,110105.0
2017-12-27,110105.0
2017-12-28,110105.0
2017-12-29,110105.0
2017-12-30,110105.0
2017-12-31,110105.0
2018-01-01,110105.0
2018-01-02,110105.0
2018-01-03,110105.0
2018-01-04,110105.0
2018-01-05,110105.0
2018-01-06,110105.0
2018-01-07,110105.0
2018-01-08,110105.0
2018-01-09,110105.0
2018-01-10,110105.0
2018-01-11,30146817.0
2018-01-12,30146817.0
2018-01-13,30146817.0
2018-01-14,30146817.0
2018-01-15,30146817.0
2018-01-16,30146817.0
2018-01-17,30146817.0
2018-01-18,30146817.0
2018-01-19,30146817.0
2018-01-20,30146817.0
2018-01-21,30146817.0
2018-01-22,30146817.0
2018-01-23,30146817.0
2018-01-24,30146817.0
2018-01-25,30146817.0
2018-01-26,30146817.0
2018-01-27,30146817.0
2018-01-28,30146817.0
2018-01-29,60183528.0
2018-01-30,60183528.0
2018-01-31,60183528.0
2018-02-01,60183528.0
2018-02-02,60183528.0
2018-02-03,60183528.0
2018-02-04,60183528.0
2018-02-05,60183528.0
2018-02-06,60183528.0
2018-02-07,60183528.0
2018-02-08,60183528.0
2018-02-09,60183528.0
2018-02-10,60183528.0
2018-02-11,60183528.0
2018-02-12,60183528.0
2018-02-13,60183528.0
2018-02-14,60183528.0
2018-02-15,60183528.0
2018-02-16,60183528.0
2018-02-17,60183528.0
2018-02-18,60183528.0
2018-02-19,60183528.0
2018-02-20,60183528.0
2018-02-21,60183528.0
2018-02-22,60183528.0
2018-02-23,60183528.0
2018-02-24,60183528.0
2018-02-25,60183528.0
2018-02-26,60183528.0
2018-02-27,60183528.0
2018-02-28,60183528.0
2018-03-01,60183528.0
2018-03-02,60183528.0
2018-03-03,60183528.0
2018-03-04,60183528.0
2018-03-05,60183528.0
2018-03-06,60183528.0
2018-03-07,60183528.0
2018-03-08,60183528.0
2018-03-09,60183528.0
2018-03-10,60183528.0
2018-03-11,60183528.0
2018-03-12,60183528.0
2018-03-13,60183528.0
2018-03-14,60183528.0
2018-03-15,60183528.0
2018-03-16,60183528.0
2018-03-17,60183528.0
2018-03-18,60183528.0
2018-03-19,60183528.0
2018-03-20,60183528.0
2018-03-21,60183528.0
2018-03-22,60183528.0
2018-03-23,60183528.0
2018-03-24,60183528.0
2018-03-25,60183528.0
2018-03-26,60183528.0
2018-03-27,60183528.0
2018-03-28,60183528.0
2018-03-29,60183528.0
2018-03-30,60183528.0
2018-03-31,60183528.0
2018-04-01,60183528.0
2018-04-02,60183528.0
2018-04-03,60183528.0
2018-04-04,60183528.0
2018-04-05,60183528.0
2018-04-06,60183528.0
2018-04-07,60183528.0
2018-04-08,60183528.0
2018-04-09,60183528.0
2018-04-10,60183528.0
2018-04-11,60183528.0
2018-04-12,60183528.0
2018-04-13,60183528.0
2018-04-14,60183528.0
2018-04-15,60183528.0
2018-04-16,60183528.0
2018-04-17,60183528.0
2018-04-18,60183528.0
2018-04-19,60183528.0
2018-04-20,60183528.0
2018-04-21,60183528.0
2018-04-22,60183528.0
2018-04-23,60183528.0
2018-04-24,60183528.0
2018-04-25,60183528.0
2018-04-26,60183528.0
2018-04-27,60183528.0
2018-04-28,60183528.0
2018-04-29,60183528.0
2018-04-30,60183528.0
2018-05-01,60183528.0
2018-05-02,60183528.0
2018-05-03,60183528.0
2018-05-04,60183528.0
2018-05-05,60183528.0
2018-05-06,60183528.0
2018-05-07,60183528.0
2018-05-08,60183528.0
2018-05-09,60183528.0
2018-05-10,60183528.0
2018-05-11,60183528.0
2018-05-12,60183528.0
2018-05-13,60183528.0
2018-05-14,60183528.0
2018-05-15,60183528.0
2018-05-16,60183528.0
2018-05-17,60183528.0
2018-05-18,60183528.0
2018-05-19,60183528.0
2018-05-20,60183528.0
2018-05-21,60183528.0
2018-05-22,60183528.0
2018-05-23,60183528.0
2018-05-24,60183528.0
2018-05-25,60183528.0
2018-05-26,60183528.0
2018-05-27,60183528.0
2018-05-28,60183528.0
2018-05-29,60183528.0
2018-05-30,60183528.0
2018-05-31,60183528.0
2018-06-01,60183528.0
2018-06-02,60183528.0
2018-06-03,60183528.0
2018-06-04,60183528.0
2018-06-05,60183528.0
2018-06-06,60183528.0
2018-06-07,60183528.0
2018-06-08,60183528.0
2018-06-09,60183528.0
2018-06-10,60183060.0
2018-06-11,60183060.0
2018-06-12,60183060.0
2018-06-13,60183060.0
2018-06-14,60183060.0
2018-06-15,60183060.0
2018-06-16,60183060.0
2018-06-17,60183060.0
2018-06-18,60183060.0
2018-06-19,60183060.0
2018-06-20,60183060.0
2018-06-21,60183060.0
2018-06-22,60183060.0
2018-06-23,60183060.0
2018-06-24,60183060.0
2018-06-25,60183060.0
2018-06-26,60183060.0
2018-06-27,60183060.0
2018-06-28,60183060.0
2018-06-29,60183060.0
2018-06-30,60183060.0
2018-07-01,60183060.0
2018-07-02,60183060.0
2018-07-03,60183060.0
2018-07-04,60183060.0
2018-07-05,60183060.0
2018-07-06,60183060.0
2018-07-07,60183060.0
2018-07-08,60183060.0
2018-07-09,60183060.0
2018-07-10,60183060.0
2018-07-11,60183060.0
2018-07-12,60183060.0
2018-07-13,60183060.0
2018-07-14,60183060.0
2018-07-15,60183060.0
2018-07-16,60183060.0
2018-07-17,60183060.0
2018-07-18,60183060.0
2018-07-19,60183060.0
2018-07-20,60183060.0
2018-07-21,60183060.0
2018-07-22,60183060.0
2018-07-23,60183060.0
2018-07-24,60183060.0
2018-07-25,60183060.0
2018-07-26,60183060.0
2018-07-27,60183060.0
2018-07-28,60183060.0
2018-07-29,30146348.0
2018-07-30,30146348.0
2018-07-31,15127992.0
2018-08-01,15127992.0
2018-08-02,15127992.0
2018-08-03,15127992.0
2018-08-04,15127992.0
2018-08-05,15127992.0
2018-08-06,15127992.0
2018-08-07,15127992.0
2018-08-08,15127992.0
2018-08-09,15127992.0
2018-08-10,15127992.0
2018-08-11,15127992.0
2018-08-12,15127992.0
2018-08-13,15127992.0
2018-08-14,15127992.0
2018-08-15,15127992.0
2018-08-16,15127992.0
2018-08-17,15127992.0
2018-08-18,15127992.0
2018-08-19,15127992.0
2018-08-20,15127992.0
2018-08-21,15127992.0
2018-08-22,15127992.0
2018-08-23,15127992.0
2018-08-24,15127992.0
2018-08-25,15127992.0
2018-08-26,15127992.0
2018-08-27,15127992.0
2018-08-28,15127992.0
2018-08-29,15127992.0
2018-08-30,15127992.0
2018-08-31,15127992.0
2018-09-01,15127992.0
2018-09-02,15127992.0
2018-09-03,15127992.0
2018-09-04,15127992.0
2018-09-05,15127992.0
2018-09-06,25140229.0
2018-09-07,25140229.0
2018-09-08,25140229.0
2018-09-09,25140229.0
2018-09-10,25140229.0
2018-09-11,25140712.0
2018-09-12,25392059.0
2018-09-13,25391909.0
2018-09-14,25392288.0
2018-09-15,25392288.0
2018-09-16,25392288.0
2018-09-17,25392288.0
2018-09-18,25392985.0
2018-09-19,26695998.0
2018-09-20,26696474.0
2018-09-21,33244652.0
2018-09-22,36823225.0
2018-09-23,37324489.0
2018-09-24,37324489.0
2018-09-25,38337242.0
2018-09-26,38337244.0
2018-09-27,40453807.0
2018-09-28,42437155.0
2018-09-29,43376361.0
2018-09-30,43376612.0
2018-10-01,43376903.0
2018-10-02,45388458.0
2018-10-03,45388413.0
2018-10-04,56823466.0
2018-10-05,57993365.0
2018-10-06,61183499.0
2018-10-07,61183499.0
2018-10-08,61183499.0
2018-10-09,60182585.0
2018-10-10,61552634.0
2018-10-11,61360426.0
2018-10-12,61746551.0
2018-10-13,69255061.0
2018-10-14,71929080.0
2018-10-15,71929080.0
2018-10-16,95242214.0
2018-10-17,109711981.0
2018-10-18,122669962.0
2018-10-19,122417342.0
2018-10-20,135981661.0
2018-10-21,141215783.0
2018-10-22,141215783.0
2018-10-23,151222891.0
2018-10-24,217243483.0
2018-10-25,257103694.0
2018-10-26,256515556.0
2018-10-27,268778018.0
2018-10-28,268894610.0
2018-10-29,268869717.0
2018-10-30,267841333.0
2018-10-31,275451031.0
2018-11-01,272496133.0
2018-11-02,269210270.0
2018-11-03,292132330.0
2018-11-04,294058746.0
2018-11-05,294033663.0
2018-11-06,298266865.0
2018-11-07,297779746.0
2018-11-08,297547742.0
2018-11-09,298054794.0
2018-11-10,296708736.0
2018-11-11,296708736.0
2018-11-12,296021542.0
2018-11-13,292118872.0
2018-11-14,297041913.0
2018-11-15,298967249.0
2018-11-16,299882149.0
2018-11-17,302927985.0
2018-11-18,303953269.0
2018-11-19,304152930.0
2018-11-20,305428397.0
2018-11-21,319244243.0
2018-11-22,326123561.0
2018-11-23,328024067.0
2018-11-24,333262460.0
2018-11-25,332267337.0
2018-11-26,332211506.0
2018-11-27,328550723.0
2018-11-28,330659500.0
2018-11-29,334987955.0
2018-11-30,345832864.0
2018-12-01,367519554.0
2018-12-02,369084000.0
2018-12-03,369085003.0
2018-12-04,387312583.0
2018-12-05,378001146.0
2018-12-06,366256061.0
2018-12-07,374919630.0
2018-12-08,381748882.0
2018-12-09,385657551.0
2018-12-10,385820137.0
2018-12-11,387395091.0
2018-12-12,380981952.0
2018-12-13,376954688.0
2018-12-14,374938971.0
2018-12-15,381787156.0
2018-12-16,382039817.0
2018-12-17,382024207.0
2018-12-18,389327690.0
2018-12-19,389560576.0
2018-12-20,397844173.0
2018-12-21,401433768.0
2018-12-22,410390309.0
2018-12-23,410363120.0
2018-12-24,410339228.0
2018-12-25,409321624.0
2018-12-26,409367178.0
2018-12-27,406994581.0
2018-12-28,412902606.0
2018-12-29,413094578.0
2018-12-30,417643665.0
2018-12-31,417700790.0
2019-01-01,418703521.0
2019-01-02,426564735.0
2019-01-03,441434209.0
2019-01-04,445431052.0
2019-01-05,656909286.0
2019-01-06,657861456.0
2019-01-07,668087067.0
2019-01-08,678079079.0
2019-01-09,686145503.0
2019-01-10,703514342.0
2019-01-11,705507303.0
2019-01-12,714602946.0
2019-01-13,724437741.0
2019-01-14,731674142.0
2019-01-15,731738123.0
2019-01-16,729362227.0
2019-01-17,686093928.0
2019-01-18,686127155.0
2019-01-19,693185573.0
2019-01-20,697968355.0
2019-01-21,697915422.0
2019-01-22,699320589.0
2019-01-23,702324563.0
2019-01-24,683428650.0
2019-01-25,694331097.0
2019-01-26,695918449.0
2019-01-27,694057902.0
2019-01-28,699972824.0
2019-01-29,684559282.0
2019-01-30,679941688.0
2019-01-31,677980074.0
2019-02-01,656437527.0
2019-02-02,656405523.0
2019-02-03,654566639.0
2019-02-04,654848641.0
2019-02-05,643315124.0
2019-02-06,642871918.0
2019-02-07,640843963.0
2019-02-08,627132420.0
2019-02-09,611597009.0
2019-02-10,611475070.0
2019-02-11,610173405.0
2019-02-12,610558760.0
2019-02-13,609291859.0
2019-02-14,593576990.0
2019-02-15,594209465.0
2019-02-16,593853460.0
2019-02-17,593390804.0
2019-02-18,592819777.0
2019-02-19,591365386.0
2019-02-20,592981187.0
2019-02-21,592856781.0
2019-02-22,575529413.0
2019-02-23,607983505.0
2019-02-24,607429187.0
2019-02-25,606147704.0
2019-02-26,604917530.0
2019-02-27,607194119.0
2019-02-28,608018395.0
2019-03-01,604631800.0
2019-03-02,609457831.0
2019-03-03,614875880.0
2019-03-04,614066103.0
2019-03-05,617503191.0
2019-03-06,617183684.0
2019-03-07,616311266.0
2019-03-08,605705037.0
2019-03-09,611676177.0
2019-03-10,612117513.0
2019-03-11,612152961.0
2019-03-12,615786107.0
2019-03-13,617293944.0
2019-03-14,616581546.0
2019-03-15,617405906.0
2019-03-16,616504073.0
2019-03-17,616440390.0
2019-03-18,615168972.0
2019-03-19,619934631.0
2019-03-20,620783471.0
2019-03-21,620504007.0
2019-03-22,626348097.0
2019-03-23,627092805.0
2019-03-24,627265746.0
2019-03-25,627372647.0
2019-03-26,627569909.0
2019-03-27,626551023.0
2019-03-28,626906132.0
2019-03-29,624022441.0
2019-03-30,623555382.0
2019-03-31,623329180.0
2019-04-01,624879301.0
2019-04-02,626365738.0
2019-04-03,629623776.0
2019-04-04,629220955.0
2019-04-05,628933457.0
2019-04-06,630486890.0
2019-04-07,630698261.0
2019-04-08,630813921.0
2019-04-09,650072928.0
2019-04-10,666931817.0
2019-04-11,705608292.0
2019-04-12,709478062.0
2019-04-13,728760160.0
2019-04-14,724085121.0
2019-04-15,726583178.0
2019-04-16,745335594.0
2019-04-17,751906981.0
2019-04-18,805597016.0
2019-04-19,805350312.0
2019-04-20,816170941.0
2019-04-21,810791842.0
2019-04-22,823381930.0
2019-04-23,820431880.0
2019-04-24,885025412.0
2019-04-25,937207494.0
2019-04-26,993315656.0
2019-04-27,1004584996.0
2019-04-28,1043037039.0
2019-04-29,1045269038.0
2019-04-30,1065014749.0
2019-05-01,1074402138.0
2019-05-02,1083256383.0
2019-05-03,1094832692.0
2019-05-04,1108522300.0
2019-05-05,1114859896.0
2019-05-06,1118149291.0
2019-05-07,1124471295.0
2019-05-08,1128582140.0
2019-05-09,1137964062.0
2019-05-10,1079104013.0
2019-05-11,1091691954.0
2019-05-12,1092385725.0
2019-05-13,1094836871.0
2019-05-14,1116617023.0
2019-05-15,1114402458.0
2019-05-16,1124597074.0
2019-05-17,1131070008.0
2019-05-18,1134055734.0
2019-05-19,1137344847.0
2019-05-20,1141824590.0
2019-05-21,1161582545.0
2019-05-22,1187050787.0
2019-05-23,1202639553.0
2019-05-24,1219342854.0
2019-05-25,1260098111.0
2019-05-26,1279466775.0
2019-05-27,1289093842.0
2019-05-28,1295258842.0
2019-05-29,1306525492.0
2019-05-30,1330388464.0
2019-05-31,1302219330.0
2019-06-01,1316565784.0
2019-06-02,1320111780.0
2019-06-03,1319957173.0
2019-06-04,1328807069.0
2019-06-05,1340032591.0
2019-06-06,1369262153.0
2019-06-07,1400091041.0
2019-06-08,1414345017.0
2019-06-09,1414342544.0
2019-06-10,1416353656.0
2019-06-11,1455628105.0
2019-06-12,1487476353.0
2019-06-13,1532681290.0
2019-06-14,1553258375.0
2019-06-15,1574353049.0
2019-06-16,1585454750.0
2019-06-17,1607180551.0
2019-06-18,1629312264.0
2019-06-19,1635358837.0
2019-06-20,1632059716.0
2019-06-21,1647621759.0
2019-06-22,1660454764.0
2019-06-23,1661740777.0
2019-06-24,1676241608.0
2019-06-25,1666845035.0
2019-06-26,1684973417.0
2019-06-27,1685552007.0
2019-06-28,1705236168.0
2019-06-29,1736888606.0
2019-06-30,1766831762.0
2019-07-01,1766659769.0
2019-07-02,1786939453.0
2019-07-03,1806539915.0
2019-07-04,1863841156.0
2019-07-05,1899685625.0
2019-07-06,1950307325.0
2019-07-07,1968012844.0
2019-07-08,1977795201.0
2019-07-09,2034665676.0
2019-07-10,2069383596.0
2019-07-11,2072119461.0
2019-07-12,2113854593.0
2019-07-13,2206512996.0
2019-07-14,2214044635.0
2019-07-15,2219216423.0
2019-07-16,2246616182.0
2019-07-17,2283251496.0
2019-07-18,2329551684.0
2019-07-19,2364681802.0
2019-07-20,2323711618.0
2019-07-21,2324991117.0
2019-07-22,2333186277.0
2019-07-23,2338759545.0
2019-07-24,2336108179.0
2019-07-25,2357159682.0
2019-07-26,2363643120.0
2019-07-27,2363134240.0
2019-07-28,2372507685.0
2019-07-29,2378024208.0
2019-07-30,2406231589.0
2019-07-31,2410754774.0
2019-08-01,2419958837.0
2019-08-02,2417490079.0
2019-08-03,2401420673.0
2019-08-04,2410391794.0
2019-08-05,2418436211.0
2019-08-06,2497816143.0
2019-08-07,2497413191.0
2019-08-08,2489193613.0
2019-08-09,2481193249.0
2019-08-10,2457383265.0
2019-08-11,2461545925.0
2019-08-12,2467056340.0
2019-08-13,2461275948.0
2019-08-14,2444576386.0
2019-08-15,2446072128.0
2019-08-16,2437135234.0
2019-08-17,2445238089.0
2019-08-18,2445015653.0
2019-08-19,2445847972.0
2019-08-20,2449533081.0
2019-08-21,2444419632.0
2019-08-22,2466833723.0
2019-08-23,2468871948.0
2019-08-24,2476648055.0
2019-08-25,2475467081.0
2019-08-26,2477336460.0
2019-08-27,2473973486.0
2019-08-28,2467186992.0
2019-08-29,2472630449.0
2019-08-30,2502101641.0
2019-08-31,2511467562.0
2019-09-01,2510705599.0
2019-09-02,2509464863.0
2019-09-03,2514595784.0
2019-09-04,2540955139.0
2019-09-05,2533527300.0
2019-09-06,2573699148.0
2019-09-07,2601324872.0
2019-09-08,2603893504.0
2019-09-09,2600817246.0
2019-09-10,2596372411.0
2019-09-11,2604927130.0
2019-09-12,2603875369.0
2019-09-13,2911278010.0
2019-09-14,2917532449.0
2019-09-15,2920000940.0
2019-09-16,2919434954.0
2019-09-17,2908515981.0
2019-09-18,2895246296.0
2019-09-19,2878752569.0
2019-09-20,2877558426.0
2019-09-21,2867790725.0
2019-09-22,2867501777.0
2019-09-23,2869496457.0
2019-09-24,2875518005.0
2019-09-25,2895740486.0
2019-09-26,2928533593.0
2019-09-27,2925736459.0
2019-09-28,2937214128.0
2019-09-29,2944065164.0
2019-09-30,2949092827.0
2019-10-01,2961968568.0
2019-10-02,2986861529.0
2019-10-03,3015952498.0
2019-10-04,3047695165.0
2019-10-05,3052193752.0
2019-10-06,3052518668.0
2019-10-07,3074659130.0
2019-10-08,3079252133.0
2019-10-09,3078577267.0
2019-10-10,3082969846.0
2019-10-11,3093100020.0
2019-10-12,3108800792.0
2019-10-13,3108750721.0
2019-10-14,3111147223.0
2019-10-15,3107419491.0
2019-10-16,3110035713.0
2019-10-17,3109572740.0
2019-10-18,3127911639.0
2019-10-19,3139555506.0
2019-10-20,3148064516.0
2019-10-21,3178361515.0
2019-10-22,3184832131.0
2019-10-23,3187422946.0
2019-10-24,3277004889.0
2019-10-25,3377391920.0
2019-10-26,3322678641.0
2019-10-27,3328596049.0
2019-10-28,3326489823.0
2019-10-29,3321494318.0
2019-10-30,3646785193.0
2019-10-31,3656623069.0
2019-11-01,3625997711.0
2019-11-02,3624432294.0
2019-11-03,3638871951.0
2019-11-04,3639340876.0
2019-11-05,3627989710.0
2019-11-06,3649491291.0
2019-11-07,3635927613.0
2019-11-08,3631682455.0
2019-11-09,3618459051.0
2019-11-10,3618226228.0
2019-11-11,3617647752.0
2019-11-12,3616519417.0
2019-11-13,3610517708.0
2019-11-14,3609259705.0
2019-11-15,3599913225.0
2019-11-16,3594129579.0
2019-11-17,3597071879.0
2019-11-18,3596328282.0
2019-11-19,3590660116.0
2019-11-20,3597017502.0
2019-11-21,3593885270.0
2019-11-22,3624101848.0
2019-11-23,3645855979.0
2019-11-24,3621319569.0
2019-11-25,3627795274.0
2019-11-26,3671020542.0
2019-11-27,3671264954.0
2019-11-28,3687589971.0
2019-11-29,3682473291.0
2019-11-30,3693731139.0
2019-12-01,3696530497.0
2019-12-02,3699476292.0
2019-12-03,3738425544.0
2019-12-04,3733631183.0
2019-12-05,3761300671.0
2019-12-06,3757695207.0
2019-12-07,3769105002.0
2019-12-08,3777712068.0
2019-12-09,3779792302.0
2019-12-10,3816928348.0
2019-12-11,4068643525.0
2019-12-12,4046661970.0
2019-12-13,4052025718.0
2019-12-14,4046454853.0
2019-12-15,4047145798.0
2019-12-16,4048868790.0
2019-12-17,4058540792.0
2019-12-18,4060816610.0
2019-12-19,4093955951.0
2019-12-20,4142438731.0
2019-12-21,4170042609.0
2019-12-22,4163555060.0
2019-12-23,4164576755.0
2019-12-24,4175422499.0
2019-12-25,4170493520.0
2019-12-26,4173471024.0
2019-12-27,4165855978.0
2019-12-28,4169845518.0
2019-12-29,4165229806.0
2019-12-30,4167785868.0
2019-12-31,4172399815.0
2020-01-01,4171183915.0
2020-01-02,4172339379.0
2020-01-03,5263029449.0
2020-01-04,5317903566.0
2020-01-05,5322101858.0
2020-01-06,5316121908.0
2020-01-07,5325138380.0
2020-01-08,5304331004.0
2020-01-09,5275432151.0
2020-01-10,5273924299.0
2020-01-11,5259752141.0
2020-01-12,5234934725.0
2020-01-13,5245783884.0
2020-01-14,5231385318.0
2020-01-15,5216671448.0
2020-01-16,5235012363.0
2020-01-17,5232415331.0
2020-01-18,5224614339.0
2020-01-19,5221882346.0
2020-01-20,5227154052.0
2020-01-21,5221336668.0
2020-01-22,5219971982.0
2020-01-23,5227729620.0
2020-01-24,5215652091.0
2020-01-25,5226584411.0
2020-01-26,5220949191.0
2020-01-27,5223306407.0
2020-01-28,5213807404.0
2020-01-29,5241286354.0
2020-01-30,5225319308.0
2020-01-31,5227722361.0
2020-02-01,5223708022.0
2020-02-02,5225343587.0
2020-02-03,5229795520.0
2020-02-04,5235733266.0
2020-02-05,5221892129.0
2020-02-06,5215313720.0
2020-02-07,5221658747.0
2020-02-08,5211462780.0
2020-02-09,5215838450.0
2020-02-10,5243178189.0
2020-02-11,5224485837.0
2020-02-12,5222502601.0
2020-02-13,5217445835.0
2020-02-14,5226055786.0
2020-02-15,5224982222.0
2020-02-16,5224513135.0
2020-02-17,5233688392.0
2020-02-18,5242743901.0
2020-02-19,5228236453.0
2020-02-20,5228023411.0
2020-02-21,5226047156.0
2020-02-22,5232028938.0
2020-02-23,5231475395.0
2020-02-24,5241127908.0
2020-02-25,5219704618.0
2020-02-26,5217265149.0
2020-02-27,5212229955.0
2020-02-28,5235746126.0
2020-02-29,5228258455.0
2020-03-01,5223885102.0
2020-03-02,5229647485.0
2020-03-03,5231240071.0
2020-03-04,5244698752.0
2020-03-05,5244149199.0
2020-03-06,5228153391.0
2020-03-07,5243060587.0
2020-03-08,5241439606.0
2020-03-09,5211954498.0
2020-03-10,5247349957.0
2020-03-11,5248279700.0
2020-03-12,5275124338.0
2020-03-13,5300063186.0
2020-03-14,5388296097.0
2020-03-15,5325996363.0
2020-03-16,5391280199.0
2020-03-17,5408977302.0
2020-03-18,5424695019.0
2020-03-19,5358062292.0
2020-03-20,5440815259.0
2020-03-21,5481009210.0
2020-03-22,5435070454.0
2020-03-23,5460360343.0
2020-03-24,5479578866.0
2020-03-25,5498952201.0
2020-03-26,5523480109.0
2020-03-27,5509246065.0
2020-03-28,5486237668.0
2020-03-29,5497449798.0
2020-03-30,5504589512.0
2020-03-31,5498129318.0
2020-04-01,5484245718.0
2020-04-02,5506879823.0
2020-04-03,7520361335.0
2020-04-04,7562443213.0
2020-04-05,7557471767.0
2020-04-06,7572365440.0
2020-04-07,7551042009.0
2020-04-08,7548153522.0
2020-04-09,7568216566.0
2020-04-10,7579440165.0
2020-04-11,7585666155.0
2020-04-12,7585181801.0
2020-04-13,7597510990.0
2020-04-14,7588940386.0
2020-04-15,7613376819.0
2020-04-16,7594803190.0
2020-04-17,7819217665.0
2020-04-18,7801664672.0
2020-04-19,7800496165.0
2020-04-20,7823573706.0
2020-04-21,7830793196.0
2020-04-22,7810784076.0
2020-04-23,8587470416.0
2020-04-24,8553117734.0
2020-04-25,8572630885.0
2020-04-26,8604432709.0
2020-04-27,8625455878.0
2020-04-28,8633110935.0
2020-04-29,8600774867.0
2020-04-30,9147699579.0
2020-05-01,9140635937.0
2020-05-02,9207527701.0
2020-05-03,9228432767.0
2020-05-04,9255372698.0
2020-05-05,9230502496.0
2020-05-06,9314529388.0
2020-05-07,9385201295.0
2020-05-08,9549415672.0
2020-05-09,9624782717.0
2020-05-10,9786861585.0
2020-05-11,9949939825.0
2020-05-12,9963394794.0
2020-05-13,10116820987.0
2020-05-14,10136924145.0
2020-05-15,10264751759.0
2020-05-16,10320558024.0
2020-05-17,10341701634.0
2020-05-18,10434326150.0
2020-05-19,10406775076.0
2020-05-20,10376233394.0
2020-05-21,10407425906.0
2020-05-22,10385964684.0
2020-05-23,10363482963.0
2020-05-24,10370019549.0
2020-05-25,10442671143.0
2020-05-26,10484879220.0
2020-05-27,10475714784.0
2020-05-28,10504143820.0
2020-05-29,10521810563.0
2020-05-30,10519046047.0
2020-05-31,10585121020.0
2020-06-01,10554004111.0
2020-06-02,10586824965.0
2020-06-03,10671128095.0
2020-06-04,10695185238.0
2020-06-05,10737882005.0
2020-06-06,10738031561.0
2020-06-07,10761958070.0
2020-06-08,10787742244.0
2020-06-09,10823151728.0
2020-06-10,10829666746.0
2020-06-11,10890764535.0
2020-06-12,10905210278.0
2020-06-13,10968146982.0
2020-06-14,10974580616.0
2020-06-15,10981821533.0
2020-06-16,10993052761.0
2020-06-17,11046065654.0
2020-06-18,11076394900.0
2020-06-19,11128934632.0
2020-06-20,11221972787.0
2020-06-21,11269431397.0
2020-06-22,11291371486.0
2020-06-23,11339256517.0
2020-06-24,11296008399.0
2020-06-25,11311637151.0
2020-06-26,11296196966.0
2020-06-27,11332058794.0
2020-06-28,11374659438.0
2020-06-29,11380691760.0
2020-06-30,11358673903.0
2020-07-01,11383093396.0
2020-07-02,11425556916.0
2020-07-03,11431108455.0
2020-07-04,11483052161.0
2020-07-05,11548633482.0
2020-07-06,11565106680.0
2020-07-07,11583052130.0
2020-07-08,11613650912.0
2020-07-09,11655649781.0
2020-07-10,11700112852.0
2020-07-11,11725234590.0
2020-07-12,11771509505.0
2020-07-13,11763836778.0
2020-07-14,11780976433.0
2020-07-15,11773476460.0
2020-07-16,11813810554.0
2020-07-17,11830259623.0
2020-07-18,11849455193.0
2020-07-19,11894179709.0
2020-07-20,11969106677.0
2020-07-21,11938472006.0
2020-07-22,11975957518.0
2020-07-23,12097975744.0
2020-07-24,12204801535.0
2020-07-25,12347906320.0
2020-07-26,12372278797.0
2020-07-27,12465221658.0
2020-07-28,12383296918.0
2020-07-29,12687742037.0
2020-07-30,12857007871.0
2020-07-31,12945799525.0
2020-08-01,12997040523.0
2020-08-02,13171858040.0
2020-08-03,13308724862.0
2020-08-04,13363209257.0
2020-08-05,13431874835.0
2020-08-06,13517437732.0
2020-08-07,13606345989.0
2020-08-08,13782849335.0
2020-08-09,13931351384.0
2020-08-10,14015095923.0
2020-08-11,14044986697.0
2020-08-12,14201087438.0
2020-08-13,14274053304.0
2020-08-14,14412843493.0
2020-08-15,14729755991.0
2020-08-16,14716514938.0
2020-08-17,14789004093.0
2020-08-18,14946391238.0
2020-08-19,15211544080.0
2020-08-20,15234414789.0
2020-08-21,15351565275.0
2020-08-22,15483952267.0
2020-08-23,15589971518.0
2020-08-24,15651852185.0
2020-08-25,15683049208.0
2020-08-26,15713038116.0
2020-08-27,15739839907.0
2020-08-28,15916692357.0
2020-08-29,16027177068.0
2020-08-30,16239233729.0
2020-08-31,16279044423.0
2020-09-01,15532002662.0
2020-09-02,15710624166.0
2020-09-03,15988893435.0
2020-09-04,16074034556.0
2020-09-05,16250017617.0
2020-09-06,16314487648.0
2020-09-07,16369358912.0
2020-09-08,16693319540.0
2020-09-09,16683353126.0
2020-09-10,17028544020.0
2020-09-11,17127423300.0
2020-09-12,17222888229.0
2020-09-13,17296473959.0
2020-09-14,17626513489.0
2020-09-15,16766487247.0
2020-09-16,17914861141.0
2020-09-17,18167633011.0
2020-09-18,18397062583.0
2020-09-19,18522247374.0
2020-09-20,18818356670.0
2020-09-21,18900033656.0
2020-09-22,18962696330.0
2020-09-23,18988744019.0
2020-09-24,19071443302.0
2020-09-25,19143946257.0
2020-09-26,19167981519.0
2020-09-27,19254845168.0
2020-09-28,19302943363.0
2020-09-29,19215170367.0
2020-09-30,19222845395.0
2020-10-01,19240552781.0
2020-10-02,19388146193.0
2020-10-03,19469681949.0
2020-10-04,19515757283.0
2020-10-05,19538488716.0
2020-10-06,19556497402.0
2020-10-07,19592005881.0
2020-10-08,19610520376.0
2020-10-09,19885140655.0
2020-10-10,19968511646.0
2020-10-11,20027811790.0
2020-10-12,20049862183.0
2020-10-13,20076105724.0
2020-10-14,20044629130.0
2020-10-15,20031295392.0
2020-10-16,20020759547.0
2020-10-17,19996328714.0
2020-10-18,19989049444.0
2020-10-19,20028314554.0
2020-10-20,20161464213.0
2020-10-21,20490481064.0
2020-10-22,20582540993.0
2020-10-23,20687161494.0
2020-10-24,20667287789.0
2020-10-25,20703575834.0
2020-10-26,20739303757.0
2020-10-27,20820459145.0
2020-10-28,20852357853.0
2020-10-29,21000285806.0
2020-10-30,21036905639.0
2020-10-31,21187499543.0
2020-11-01,21231726205.0
2020-11-02,21248302437.0
2020-11-03,21233946173.0
2020-11-04,21366589230.0
2020-11-05,21322481969.0
2020-11-06,21608958242.0
2020-11-07,21720781734.0
2020-11-08,21755135515.0
2020-11-09,21741002105.0
2020-11-10,21681847475.0
2020-11-11,21851417384.0
2020-11-12,22050019495.0
2020-11-13,22221618449.0
2020-11-14,22249954555.0
2020-11-15,22293125031.0
2020-11-16,22295960588.0
2020-11-17,22431750392.0
2020-11-18,22375423887.0
2020-11-19,22386337655.0
2020-11-20,22566217488.0
2020-11-21,22967085725.0
2020-11-22,23021343457.0
2020-11-23,23085482714.0
2020-11-24,23245455645.0
2020-11-25,23468751798.0
2020-11-26,23476455550.0
2020-11-27,23456593336.0
2020-11-28,23444438936.0
2020-11-29,23590477413.0
2020-11-30,23608193267.0
2020-12-01,24042598073.0
2020-12-02,24234987463.0
2020-12-03,24292980539.0
2020-12-04,24394975270.0
2020-12-05,24602472650.0
2020-12-06,24631922957.0
2020-12-07,24679621713.0
2020-12-08,24610380941.0
2020-12-09,24603810064.0
2020-12-10,24601247569.0
2020-12-11,24755657672.0
2020-12-12,24801836725.0
2020-12-13,24925034081.0
2020-12-14,24978025621.0
2020-12-15,25045581404.0
2020-12-16,25274413332.0
2020-12-17,25408602917.0
2020-12-18,25434573975.0
2020-12-19,25692992103.0
2020-12-20,25835344038.0
2020-12-21,25829530660.0
2020-12-22,25956637288.0
2020-12-23,25937013754.0
2020-12-24,26187858197.0
2020-12-25,26491777649.0
2020-12-26,26526907626.0
2020-12-27,26550584276.0
2020-12-28,26583425154.0
2020-12-29,26831297054.0
2020-12-30,26887152847.0
2020-12-31,27068783502.0
2021-01-01,27380387018.0
2021-01-02,28273706662.0
2021-01-03,29253311943.0
2021-01-04,29421759680.0
2021-01-05,29278125285.0
2021-01-06,30082707424.0
2021-01-07,31125447521.0
2021-01-08,31205749318.0
2021-01-09,32070047247.0
2021-01-10,32358506043.0
2021-01-11,32281447819.0
2021-01-12,32292930929.0
2021-01-13,32584188210.0
2021-01-14,32656134742.0
2021-01-15,32660668611.0
2021-01-16,32805968513.0
2021-01-17,33034733548.0
2021-01-18,33013929440.0
2021-01-19,33573447500.0
2021-01-20,33620279826.0
2021-01-21,33799570985.0
2021-01-22,33850855834.0
2021-01-23,34104837833.0
2021-01-24,34157287288.0
2021-01-25,34318993587.0
2021-01-26,34267540374.0
2021-01-27,34777154494.0
2021-01-28,35456941380.0
2021-01-29,36082044022.0
2021-01-30,36592751131.0
2021-01-31,36670021984.0
2021-02-01,37206917703.0
2021-02-02,37086696036.0
2021-02-03,35663097749.0
2021-02-04,38242784718.0
2021-02-05,38765375111.0
2021-02-06,39983126144.0
2021-02-07,40081733742.0
2021-02-08,41494705769.0
2021-02-09,41873831743.0
2021-02-10,43105560721.0
2021-02-11,43453109192.0
2021-02-12,43684918484.0
2021-02-13,44847042534.0
2021-02-14,45315268417.0
2021-02-15,45360848760.0
2021-02-16,45820703274.0
2021-02-17,46724572248.0
2021-02-18,46905224771.0
2021-02-19,47552636536.0
2021-02-20,49200497896.0
2021-02-21,49676053976.0
2021-02-22,49683282265.0
2021-02-23,50106925064.0
2021-02-24,50121264937.0
2021-02-25,50704487836.0
2021-02-26,50480072091.0
2021-02-27,51216785031.0
2021-02-28,50906543988.0
2021-03-01,52256085585.0
2021-03-02,52624896063.0
2021-03-03,54135551181.0
2021-03-04,53557197696.0
2021-03-05,53999375505.0
2021-03-06,54163904824.0
2021-03-07,54463100090.0
2021-03-08,54462568179.0
2021-03-09,54256539549.0
2021-03-10,55594029617.0
2021-03-11,55861269632.0
2021-03-12,56193590400.0
2021-03-13,56594702998.0
2021-03-14,56639484172.0
2021-03-15,57680015835.0
2021-03-16,58388230040.0
2021-03-17,58523535954.0
2021-03-18,58903382476.0
2021-03-19,59198748071.0
2021-03-20,59443515754.0
2021-03-21,60514581402.0
2021-03-22,60704910261.0
2021-03-23,60931277617.0
2021-03-24,60754888852.0
2021-03-25,60815062898.0
2021-03-26,60996888979.0
2021-03-27,62451440706.0
2021-03-28,62596311643.0
2021-03-29,63066068955.0
2021-03-30,62685411766.0
2021-03-31,62971287183.0
2021-04-01,64037569305.0
2021-04-02,64087934838.0
2021-04-03,66477572599.0
2021-04-04,66808346045.0
2021-04-05,67271348307.0
2021-04-06,68358623876.0
2021-04-07,68402936645.0
2021-04-08,68831138883.0
2021-04-09,69524741736.0
2021-04-10,69792124657.0
2021-04-11,70041117459.0
2021-04-12,71018100999.0
2021-04-13,70868862393.0
2021-04-14,73448575159.0
2021-04-15,73848813021.0
2021-04-16,74452784848.0
2021-04-17,76584521041.0
2021-04-18,77167740161.0
2021-04-19,80193384746.0
2021-04-20,80402841186.0
2021-04-21,81306227022.0
2021-04-22,81658291378.0
2021-04-23,82022641054.0
2021-04-24,82156777043.0
2021-04-25,82094003308.0
2021-04-26,82854133505.0
2021-04-27,83225352714.0
2021-04-28,83300835093.0
2021-04-29,84116859655.0
2021-04-30,83780577345.0
2021-05-01,85146251461.0
2021-05-02,85476915841.0
2021-05-03,86721197526.0
2021-05-04,86847959318.0
2021-05-05,89124263948.0
2021-05-06,89678939514.0
2021-05-07,90234758513.0
2021-05-08,90404292981.0
2021-05-09,90908443079.0
2021-05-10,92234478445.0
2021-05-11,93858357076.0
2021-05-12,94740633555.0
2021-05-13,94780612453.0
2021-05-14,94320445684.0
2021-05-15,94961863794.0
2021-05-16,94973266863.0
2021-05-17,95459220721.0
2021-05-18,97062309797.0
2021-05-19,96612417008.0
2021-05-20,95414157621.0
2021-05-21,97229660811.0
2021-05-22,99318269221.0
2021-05-23,100020661650.0
2021-05-24,101154710118.0
2021-05-25,101777137356.0
2021-05-26,102054117838.0
2021-05-27,103113512553.0
2021-05-28,104235334073.0
2021-05-29,104980015876.0
2021-05-30,104528927205.0
2021-05-31,102551954678.0
2021-06-01,105928277789.0
2021-06-02,106378689980.0
2021-06-03,106365168898.0
2021-06-04,107000722544.0
2021-06-05,107212605712.0
2021-06-06,107521899644.0
2021-06-07,107990113845.0
2021-06-08,107449284545.0
2021-06-09,108408503704.0
2021-06-10,108711746479.0
2021-06-11,108346317476.0
2021-06-12,108151581409.0
2021-06-13,108453617411.0
2021-06-14,108568721933.0
2021-06-15,108661264516.0
2021-06-16,108819781774.0
2021-06-17,108136683315.0
2021-06-18,108452082611.0
2021-06-19,108625590908.0
2021-06-20,108938926314.0
2021-06-21,109254582430.0
2021-06-22,109040684432.0
2021-06-23,109811192269.0
2021-06-24,109988314745.0
2021-06-25,110145942976.0
2021-06-26,110286174930.0
2021-06-27,110638039969.0
2021-06-28,110796740141.0
2021-06-29,110306077349.0
2021-06-30,109927114308.0
2021-07-01,110428482010.0
2021-07-02,110351833082.0
2021-07-03,111075317370.0
2021-07-04,111062876908.0
2021-07-05,110543514554.0
2021-07-06,111214970190.0
2021-07-07,111572456270.0
2021-07-08,111429021478.0
2021-07-09,112207884725.0
2021-07-10,112189653113.0
2021-07-11,112301586322.0
2021-07-12,112098494602.0
2021-07-13,112435996554.0
2021-07-14,112227382693.0
2021-07-15,112183906885.0
2021-07-16,112959684195.0
2021-07-17,112164457618.0
2021-07-18,112630383283.0
2021-07-19,113009136021.0
2021-07-20,112751884036.0
2021-07-21,112847474611.0
2021-07-22,113312597140.0
2021-07-23,113201870936.0
2021-07-24,113519741653.0
2021-07-25,113751512841.0
2021-07-26,114245941384.0
2021-07-27,113972175793.0
2021-07-28,114556415546.0
2021-07-29,114157857987.0
2021-07-30,114379246942.0
2021-07-31,114958508549.0
2021-08-01,114382059081.0
2021-08-02,114074960118.0
2021-08-03,114239878600.0
2021-08-04,114603849929.0
2021-08-05,112712767316.0
2021-08-06,113264301718.0
2021-08-07,113663272322.0
2021-08-08,114931553152.0
2021-08-09,115232516149.0
2021-08-10,115314195837.0
2021-08-11,114849251773.0
2021-08-12,114915352146.0
2021-08-13,115102549802.0
2021-08-14,114916706528.0
2021-08-15,115942719308.0
2021-08-16,116100710839.0
2021-08-17,115957965358.0
2021-08-18,115893649436.0
2021-08-19,116112220296.0
2021-08-20,116724579489.0
2021-08-21,116840547762.0
2021-08-22,116848872167.0
2021-08-23,118427883910.0
2021-08-24,116040414888.0
2021-08-25,118043426185.0
2021-08-26,117921583051.0
2021-08-27,117870375871.0
2021-08-28,118327334026.0
2021-08-29,118388492894.0
2021-08-30,118416514508.0
2021-08-31,118327441831.0
2021-09-01,118746137914.0
2021-09-02,118622501421.0
2021-09-03,119695012661.0
2021-09-04,119850769912.0
2021-09-05,119926378281.0
2021-09-06,121061212122.0
2021-09-07,123140527570.0
2021-09-08,123671689073.0
2021-09-09,124295336364.0
2021-09-10,124624176510.0
2021-09-11,123767035283.0
2021-09-12,124277763189.0
2021-09-13,124838303600.0
2021-09-14,124258566760.0
2021-09-15,124554001925.0
2021-09-16,124458135403.0
2021-09-17,124710900888.0
2021-09-18,125204038737.0
2021-09-19,125121462835.0
2021-09-20,125362019201.0
2021-09-21,124416091708.0
2021-09-22,124190409653.0
2021-09-23,125420747101.0
2021-09-24,126074259612.0
2021-09-25,126805366942.0
2021-09-26,127481260589.0
2021-09-27,127954449386.0
2021-09-28,126583164607.0
2021-09-29,126588967535.0
2021-09-30,127645889409.0
2021-10-01,127409518513.0
2021-10-02,127271584476.0
2021-10-03,127353600927.0
2021-10-04,127731921942.0
2021-10-05,127694795377.0
2021-10-06,127934770609.0
2021-10-07,128367024984.0
2021-10-08,128558029472.0
2021-10-09,129002892079.0
2021-10-10,129242275436.0
2021-10-11,129293263582.0
2021-10-12,129912805464.0
2021-10-13,129453346331.0
2021-10-14,129585614890.0
2021-10-15,129858725486.0
2021-10-16,130076677676.0
2021-10-17,130084459378.0
2021-10-18,129965909766.0
2021-10-19,129773711555.0
2021-10-20,129722168273.0
2021-10-21,130296772078.0
2021-10-22,129989305281.0
2021-10-23,130593859462.0
2021-10-24,130820991183.0
2021-10-25,130747396660.0
2021-10-26,130801591356.0
2021-10-27,130275300301.0
2021-10-28,130959984382.0
2021-10-29,131445278570.0
2021-10-30,131916700255.0
2021-10-31,132294330140.0
2021-11-01,132078979010.0
2021-11-02,133252428790.0
2021-11-03,134372904920.0
2021-11-04,134302948671.0
2021-11-05,135643699336.0
2021-11-06,137081196216.0
2021-11-07,136921455320.0
2021-11-08,138213013495.0
2021-11-09,137568110262.0
2021-11-10,140082699156.0
2021-11-11,140267695689.0
2021-11-12,140006244620.0
2021-11-13,141121428662.0
2021-11-14,141531281573.0
2021-11-15,142768958552.0
2021-11-16,142591301271.0
2021-11-17,143591219656.0
2021-11-18,144945973267.0
2021-11-19,144614705397.0
2021-11-20,146569532860.0
2021-11-21,147215038851.0
2021-11-22,147096286949.0
2021-11-23,146694459949.0
2021-11-24,147150766656.0
2021-11-25,147565390186.0
2021-11-26,148387556091.0
2021-11-27,149044178772.0
2021-11-28,149408321926.0
2021-11-29,149572022228.0
2021-11-30,149006868167.0
2021-12-01,149695654407.0
2021-12-02,149874773895.0
2021-12-03,149753919345.0
2021-12-04,151505750467.0
2021-12-05,152704364591.0
2021-12-06,153529624671.0
2021-12-07,154280881512.0
2021-12-08,155114437488.0
2021-12-09,153723419597.0
2021-12-10,156052402443.0
2021-12-11,156153110273.0
2021-12-12,156842391637.0
2021-12-13,156936006122.0
2021-12-14,156805226899.0
2021-12-15,158711743218.0
2021-12-16,158774494678.0
2021-12-17,158634910649.0
2021-12-18,159104931486.0
2021-12-19,159706371507.0
2021-12-20,159416144416.0
2021-12-21,160976507733.0
2021-12-22,161372171215.0
2021-12-23,159988975559.0
2021-12-24,160614359953.0
2021-12-25,160970217785.0
2021-12-26,160857693024.0
2021-12-27,162099922364.0
2021-12-28,162051660595.0
2021-12-29,162088229277.0
2021-12-30,161968544151.0
2021-12-31,163252729890.0
2022-01-01,162611970592.0
2022-01-02,167078546840.0
2022-01-03,166172200328.0
2022-01-04,166423812274.0
2022-01-05,166426097093.0
2022-01-06,167365823023.0
2022-01-07,167188854169.0
2022-01-08,166999697657.0
2022-01-09,167082299131.0
2022-01-10,166999931842.0
2022-01-11,168241060609.0
2022-01-12,168464130301.0
2022-01-13,169356807295.0
2022-01-14,169598224376.0
2022-01-15,169887452911.0
2022-01-16,170037319395.0
2022-01-17,170431077201.0
2022-01-18,171002699460.0
2022-01-19,170526026657.0
2022-01-20,171093235706.0
2022-01-21,171809312131.0
2022-01-22,170991539965.0
2022-01-23,173153840557.0
2022-01-24,172523235023.0
2022-01-25,173704324149.0
2022-01-26,173569936342.0
2022-01-27,174702035419.0
2022-01-28,174989238998.0
2022-01-29,173576602384.0
2022-01-30,174405640491.0
2022-01-31,173969669225.0
2022-02-01,174439924086.0
2022-02-02,174266013502.0
2022-02-03,174889538100.0
2022-02-04,175841445697.0
2022-02-05,177344838122.0
2022-02-06,176241165443.0
2022-02-07,176737835978.0
2022-02-08,176964371854.0
2022-02-09,178453277730.0
2022-02-10,179012161966.0
2022-02-11,179978485090.0
2022-02-12,180573838347.0
2022-02-13,180560765084.0
2022-02-14,180760261297.0
2022-02-15,180577438133.0
2022-02-16,181190843680.0
2022-02-17,181129407649.0
2022-02-18,181430428789.0
2022-02-19,181841759858.0
2022-02-20,182844107012.0
2022-02-21,182413540862.0
2022-02-22,182730197951.0
2022-02-23,183035159841.0
2022-02-24,183404304173.0
2022-02-25,183916842065.0
2022-02-26,183375947281.0
2022-02-27,184125703085.0
2022-02-28,184845156591.0
2022-03-01,184215559981.0
2022-03-02,183641634515.0
2022-03-03,183868496535.0
2022-03-04,183649765683.0
2022-03-05,183598560433.0
2022-03-06,183829177933.0
2022-03-07,184021467433.0
2022-03-08,183003342416.0
2022-03-09,184269472389.0
2022-03-10,184621457347.0
2022-03-11,185060098009.0
2022-03-12,185027688796.0
2022-03-13,185280724562.0
2022-03-14,185507445032.0
2022-03-15,185292583247.0
2022-03-16,185212740359.0
2022-03-17,185435928332.0
2022-03-18,186150938768.0
2022-03-19,186746230704.0
2022-03-20,186947425724.0
2022-03-21,187201093492.0
2022-03-22,187166468528.0
2022-03-23,186923125963.0
2022-03-24,186289092795.0
2022-03-25,186551538085.0
2022-03-26,186124637346.0
2022-03-27,186354108968.0
2022-03-28,186257405137.0
2022-03-29,186094692639.0
2022-03-30,186952625963.0
2022-03-31,187757020480.0
2022-04-01,187283380698.0
2022-04-02,187458769718.0
2022-04-03,187123810559.0
2022-04-04,187079400531.0
2022-04-05,186863856621.0
2022-04-06,186952105320.0
2022-04-07,186072780447.0
2022-04-08,186178449613.0
2022-04-09,187049589458.0
2022-04-10,187449985039.0
2022-04-11,187451417655.0
2022-04-12,186651492130.0
2022-04-13,186943762419.0
2022-04-14,186454107834.0
2022-04-15,186524548760.0
2022-04-16,186498221935.0
2022-04-17,186496013171.0
2022-04-18,186632238188.0
2022-04-19,186422412899.0
2022-04-20,186611209663.0
2022-04-21,186751354545.0
2022-04-22,187151664776.0
2022-04-23,187482067634.0
2022-04-24,187718398559.0
2022-04-25,187555311217.0
2022-04-26,187596840724.0
2022-04-27,187116005906.0
2022-04-28,187035535147.0
2022-04-29,186938516916.0
2022-04-30,187372369124.0
2022-05-01,187637761542.0
2022-05-02,186911024940.0
2022-05-03,186640609560.0
2022-05-04,186706359343.0
2022-05-05,186269488531.0
2022-05-06,186494504231.0
2022-05-07,185710554750.0
2022-05-08,185493910054.0
2022-05-09,180555499204.0
2022-05-10,177523702564.0
2022-05-11,176561320384.0
2022-05-12,160603842581.0
2022-05-13,160355990915.0
2022-05-14,159061859047.0
2022-05-15,158507169574.0
2022-05-16,158571232461.0
2022-05-17,159924816531.0
2022-05-18,158768224200.0
2022-05-19,159002574537.0
2022-05-20,159658120096.0
2022-05-21,158922215448.0
2022-05-22,158980711296.0
2022-05-23,159082735722.0
2022-05-24,159174220138.0
2022-05-25,159328208593.0
2022-05-26,159475954980.0
2022-05-27,159101070989.0
2022-05-28,158653343074.0
2022-05-29,158829767424.0
2022-05-30,158722366974.0
2022-05-31,159243960138.0
2022-06-01,159808625963.0
2022-06-02,160297325231.0
2022-06-03,159419961594.0
2022-06-04,159410281353.0
2022-06-05,159350298797.0
2022-06-06,159361884100.0
2022-06-07,159256793777.0
2022-06-08,159139842239.0
2022-06-09,159573144403.0
2022-06-10,159643932143.0
2022-06-11,159194203476.0
2022-06-12,158910307752.0
2022-06-13,158623423490.0
2022-06-14,157345089741.0
2022-06-15,156402874920.0
2022-06-16,155609423888.0
2022-06-17,155105128528.0
2022-06-18,154554823401.0
2022-06-19,154633709856.0
2022-06-20,154402525104.0
2022-06-21,153747854225.0
2022-06-22,153867092235.0
2022-06-23,153833557245.0
2022-06-24,153441113596.0
2022-06-25,153441306943.0
2022-06-26,153651227962.0
2022-06-27,153645990295.0
2022-06-28,153411648784.0
2022-06-29,153340747689.0
2022-06-30,153233977370.0
2022-07-01,153106243074.0
2022-07-02,153815878211.0
2022-07-03,153780119124.0
2022-07-04,153656014460.0
2022-07-05,153692641210.0
2022-07-06,153596399099.0
2022-07-07,153348143746.0
2022-07-08,153103741387.0
2022-07-09,153253510619.0
2022-07-10,153273739589.0
2022-07-11,153152856952.0
2022-07-12,153320636451.0
2022-07-13,153016345554.0
2022-07-14,153021656096.0
2022-07-15,153095446991.0
2022-07-16,152543665232.0
2022-07-17,152605358621.0
2022-07-18,152701019593.0
2022-07-19,152953392513.0
2022-07-20,152864429344.0
2022-07-21,153062284587.0
2022-07-22,153010024960.0
2022-07-23,153141520771.0
2022-07-24,153246882597.0
2022-07-25,153231282192.0
2022-07-26,153206612464.0
2022-07-27,153127639409.0
2022-07-28,153203248059.0
2022-07-29,153009686893.0
2022-07-30,153126442223.0
2022-07-31,153133491892.0
2022-08-01,153132542429.0
2022-08-02,153466118009.0
2022-08-03,153398224038.0
2022-08-04,153365812349.0
2022-08-05,153286414302.0
2022-08-06,153449962546.0
2022-08-07,153471922768.0
2022-08-08,153389565144.0
2022-08-09,153158669182.0
2022-08-10,153237997586.0
2022-08-11,153479449313.0
2022-08-12,153424520173.0
2022-08-13,153256354614.0
2022-08-14,153492810781.0
2022-08-15,152875677127.0
2022-08-16,153180200291.0
2022-08-17,153061507197.0
2022-08-18,153031599745.0
2022-08-19,152837936730.0
2022-08-20,152765836021.0
2022-08-21,152679507653.0
2022-08-22,152632174252.0
2022-08-23,152431272440.0
2022-08-24,152552954493.0
2022-08-25,152588367451.0
2022-08-26,152602321846.0
2022-08-27,152689543503.0
2022-08-28,152757946694.0
2022-08-29,152536540926.0
2022-08-30,152687597262.0
2022-08-31,153011972781.0
2022-09-01,152801687435.0
2022-09-02,152742764039.0
2022-09-03,152547312248.0
2022-09-04,152568416934.0
2022-09-05,152425669091.0
2022-09-06,152322978182.0
2022-09-07,152334156158.0
2022-09-08,152436205774.0
2022-09-09,152587584775.0
2022-09-10,152698173171.0
2022-09-11,152821429437.0
2022-09-12,152811212008.0
2022-09-13,152758270932.0
2022-09-14,152770660142.0
2022-09-15,152399946247.0
2022-09-16,152167643110.0
2022-09-17,152012990531.0
2022-09-18,152091833787.0
2022-09-19,152030918691.0
2022-09-20,152174478338.0
2022-09-21,152429866350.0
2022-09-22,152274790792.0
2022-09-23,152272071898.0
2022-09-24,152068972650.0
2022-09-25,152025635498.0
2022-09-26,151745109575.0
2022-09-27,151000773419.0
2022-09-28,150890506696.0
2022-09-29,150391568557.0
2022-09-30,149901844533.0
2022-10-01,148650611362.0
2022-10-02,148659139256.0
2022-10-03,148688342914.0
2022-10-04,148468347587.0
2022-10-05,148434513778.0
2022-10-06,148504672709.0
2022-10-07,148546357673.0
2022-10-08,148710398724.0
2022-10-09,148720981814.0
2022-10-10,148704718543.0
2022-10-11,148507125494.0
2022-10-12,148399630085.0
2022-10-13,147889083099.0
2022-10-14,147464873670.0
2022-10-15,147047495589.0
2022-10-16,147032603090.0
2022-10-17,146960036705.0
2022-10-18,146761721511.0
2022-10-19,146667793282.0
2022-10-20,146577673486.0
2022-10-21,146172050656.0
2022-10-22,145971639322.0
2022-10-23,146032131402.0
2022-10-24,146065224959.0
2022-10-25,145740151758.0
2022-10-26,145621510856.0
2022-10-27,145812378619.0
2022-10-28,145733682024.0
2022-10-29,145842030243.0
2022-10-30,145946762852.0
2022-10-31,146041378531.0
2022-11-01,145619529468.0
2022-11-02,145638941255.0
2022-11-03,145504664440.0
2022-11-04,145637678610.0
2022-11-05,145815901693.0
2022-11-06,145863437593.0
2022-11-07,146224878445.0
2022-11-08,147208964767.0
2022-11-09,147501668886.0
2022-11-10,145740771470.0
2022-11-11,146160743018.0
2022-11-12,145996869890.0
2022-11-13,145284851310.0
2022-11-14,145116038756.0
2022-11-15,144924661728.0
2022-11-16,144971200189.0
2022-11-17,144549513952.0
2022-11-18,144186101393.0
2022-11-19,144374355870.0
2022-11-20,144376292382.0
2022-11-21,144437873324.0
2022-11-22,143553164838.0
2022-11-23,143552682486.0
2022-11-24,142914894666.0
2022-11-25,143164711656.0
2022-11-26,142864307148.0
2022-11-27,143041194559.0
2022-11-28,143035735111.0
2022-11-29,141990922022.0
2022-11-30,141357730151.0
2022-12-01,141207649636.0
2022-12-02,141042572988.0
2022-12-03,141306511344.0
2022-12-04,141476938622.0
2022-12-05,141582002271.0
2022-12-06,141332216650.0
2022-12-07,141192242166.0
2022-12-08,141027867639.0
2022-12-09,140965423452.0
2022-12-10,140886205487.0
2022-12-11,140932650189.0
2022-12-12,141045941798.0
2022-12-13,140740214482.0
2022-12-14,140355731994.0
2022-12-15,140142515319.0
2022-12-16,140171666179.0
2022-12-17,139711571613.0
2022-12-18,139882294793.0
2022-12-19,139904110837.0
2022-12-20,139540042479.0
2022-12-21,139279321459.0
2022-12-22,139053650176.0
2022-12-23,138911238378.0
2022-12-24,138411229500.0
2022-12-25,138458858985.0
2022-12-26,138465736350.0
2022-12-27,138449896796.0
2022-12-28,137977951837.0
2022-12-29,137996994034.0
2022-12-30,137908761306.0
2022-12-31,137781931180.0
2023-01-01,137680217891.0
2023-01-02,137777992525.0
2023-01-03,137772667569.0
2023-01-04,137440066261.0
2023-01-05,137390684625.0
2023-01-06,137097746031.0
2023-01-07,136785334844.0
2023-01-08,136923211881.0
2023-01-09,136901521567.0
2023-01-10,136653002135.0
2023-01-11,136833162135.0
2023-01-12,136899603378.0
2023-01-13,137000222055.0
2023-01-14,136748150438.0
2023-01-15,136939934975.0
2023-01-16,137114736894.0
2023-01-17,137037094041.0
2023-01-18,136580369237.0
2023-01-19,136462766094.0
2023-01-20,136414906421.0
2023-01-21,136607235446.0
2023-01-22,136888830015.0
2023-01-23,136989013062.0
2023-01-24,136826608385.0
2023-01-25,136847683472.0
2023-01-26,137136940956.0
2023-01-27,137348809223.0
2023-01-28,137176681676.0
2023-01-29,137333734997.0
2023-01-30,137287713190.0
2023-01-31,136956041329.0
2023-02-01,137034293733.0
2023-02-02,136982974781.0
2023-02-03,137254630899.0
2023-02-04,136973369963.0
2023-02-05,136996980817.0
2023-02-06,137041355471.0
2023-02-07,136928524758.0
2023-02-08,136735510784.0
2023-02-09,136605279449.0
2023-02-10,136467893513.0
2023-02-11,136474914397.0
2023-02-12,136469292194.0
2023-02-13,136413765842.0
2023-02-14,136525991531.0
2023-02-15,136381286437.0
2023-02-16,135994309238.0
2023-02-17,136123630849.0
2023-02-18,136060747768.0
2023-02-19,136078684686.0
2023-02-20,136128344235.0
2023-02-21,135793874748.0
2023-02-22,135562832753.0
2023-02-23,135301969143.0
2023-02-24,135164586821.0
2023-02-25,135155945516.0
2023-02-26,135276046559.0
2023-02-27,135197119476.0
2023-02-28,134901097928.0
2023-03-01,134760507509.0
2023-03-02,134592910631.0
2023-03-03,134767034573.0
2023-03-04,134791746807.0
2023-03-05,134882910888.0
2023-03-06,134951036105.0
2023-03-07,134747120872.0
2023-03-08,134768138768.0
2023-03-09,134665675374.0
2023-03-10,134673279667.0
2023-03-11,134317544701.0
2023-03-12,131526756971.0
2023-03-13,135067397554.0
2023-03-14,133730469977.0
2023-03-15,132604421258.0
2023-03-16,132963033947.0
2023-03-17,133058763167.0
2023-03-18,133041145526.0
2023-03-19,133424124099.0
2023-03-20,133150674374.0
2023-03-21,133460557873.0
2023-03-22,133282570137.0
2023-03-23,133115211392.0
2023-03-24,133300821797.0
2023-03-25,133606724913.0
2023-03-26,133849402687.0
2023-03-27,132990637083.0
2023-03-28,132576075406.0
2023-03-29,132205988534.0
2023-03-30,132153546657.0
2023-03-31,132137161697.0
2023-04-01,131623842037.0
2023-04-02,131550772690.0
2023-04-03,131775253427.0
2023-04-04,132329089107.0
2023-04-05,131696066719.0
2023-04-06,131630727319.0
2023-04-07,131841930039.0
2023-04-08,131854137765.0
2023-04-09,132045371465.0
2023-04-10,131732279281.0
2023-04-11,131837840329.0
2023-04-12,131777409136.0
2023-04-13,131705241636.0
2023-04-14,131822760565.0
2023-04-15,131771785556.0
2023-04-16,131661432439.0
2023-04-17,131580623669.0
2023-04-18,131464863155.0
2023-04-19,131199214197.0
2023-04-20,131236325797.0
2023-04-21,131065512107.0
2023-04-22,129853344871.0
2023-04-23,130729140478.0
2023-04-24,130763501441.0
2023-04-25,130695898592.0
2023-04-26,130527981414.0
2023-04-27,130691907669.0
2023-04-28,130495880893.0
2023-04-29,130378764187.0
2023-04-30,130319178824.0
2023-05-01,130353840730.0
2023-05-02,130686894461.0
2023-05-03,130712123105.0
2023-05-04,130306517763.0
2023-05-05,130174271817.0
2023-05-06,130672726664.0
2023-05-07,130594318373.0
2023-05-08,130427430994.0
2023-05-09,130515355542.0
2023-05-10,130642189098.0
2023-05-11,130493095338.0
2023-05-12,130415075164.0
2023-05-13,130456668072.0
2023-05-14,130427741618.0
2023-05-15,130422950918.0
2023-05-16,130334756693.0
2023-05-17,130156486969.0
2023-05-18,129888967702.0
2023-05-19,130014481014.0
2023-05-20,129888137733.0
2023-05-21,130014069190.0
2023-05-22,129908631437.0
2023-05-23,129790644258.0
2023-05-24,129719936606.0
2023-05-25,129321977349.0
2023-05-26,129297375219.0
2023-05-27,129288745888.0
2023-05-28,129321217256.0
2023-05-29,129369742079.0
2023-05-30,129354977488.0
2023-05-31,129310942185.0
2023-06-01,129260402681.0
2023-06-02,129187859980.0
2023-06-03,129222450312.0
2023-06-04,129137756944.0
2023-06-05,129179677353.0
2023-06-06,129045474676.0
2023-06-07,128900502126.0
2023-06-08,128773481720.0
2023-06-09,128694511476.0
2023-06-10,128204561315.0
2023-06-11,128340356942.0
2023-06-12,128398226514.0
2023-06-13,128112373241.0
2023-06-14,127974801787.0
2023-06-15,127752058847.0
2023-06-16,128554967275.0
2023-06-17,128743635778.0
2023-06-18,128406032123.0
2023-06-19,128403243206.0
2023-06-20,128517121097.0
2023-06-21,129066525417.0
2023-06-22,128585839775.0
2023-06-23,128572442078.0
2023-06-24,128624614790.0
2023-06-25,128907716519.0
2023-06-26,128683770776.0
2023-06-27,128618471012.0
2023-06-28,128674419112.0
2023-06-29,128181973580.0
2023-06-30,128115035307.0
2023-07-01,127509411863.0
2023-07-02,127487022631.0
2023-07-03,127530876615.0
2023-07-04,127718157499.0
2023-07-05,127839526498.0
2023-07-06,127671600971.0
2023-07-07,127213964602.0
2023-07-08,127211606276.0
2023-07-09,127233780620.0
2023-07-10,127127102843.0
2023-07-11,127035798369.0
2023-07-12,126884038004.0
2023-07-13,126753668507.0
2023-07-14,127026186891.0
2023-07-15,127040984218.0
2023-07-16,127089749180.0
2023-07-17,127008377174.0
2023-07-18,126847365926.0
2023-07-19,126789530618.0
2023-07-20,126512393639.0
2023-07-21,126469488716.0
2023-07-22,126317207651.0
2023-07-23,126315795971.0
2023-07-24,126216804045.0
2023-07-25,126017081795.0
2023-07-26,125930081086.0
2023-07-27,125908923384.0
2023-07-28,125735143431.0
2023-07-29,125573862979.0
2023-07-30,125815573034.0
2023-07-31,125690753394.0
2023-08-01,125625520953.0
2023-08-02,125412753325.0
2023-08-03,125239676649.0
2023-08-04,124988495486.0
2023-08-05,124737656832.0
2023-08-06,124770898468.0
2023-08-07,124724814711.0
2023-08-08,124585184629.0
2023-08-09,124807294939.0
2023-08-10,124724859464.0
2023-08-11,124470178898.0
2023-08-12,124369721766.0
2023-08-13,124480430716.0
2023-08-14,124513775961.0
2023-08-15,124066013999.0
2023-08-16,123768783171.0
2023-08-17,123462730889.0
2023-08-18,123441843117.0
2023-08-19,123092243964.0
2023-08-20,123308704214.0
2023-08-21,123428405803.0
2023-08-22,124487812859.0
2023-08-23,124381471182.0
2023-08-24,124422830561.0
2023-08-25,124484758154.0
2023-08-26,124529754799.0
2023-08-27,124541844179.0
2023-08-28,124654192738.0
2023-08-29,124714042178.0
2023-08-30,125151903839.0
2023-08-31,125275625254.0
2023-09-01,125288171693.0
2023-09-02,125281798654.0
2023-09-03,125275643310.0
2023-09-04,125311562880.0
2023-09-05,125055239169.0
2023-09-06,124597548945.0
2023-09-07,124412538005.0
2023-09-08,124187519307.0
2023-09-09,124312855670.0
2023-09-10,124384500399.0
2023-09-11,124554052951.0
2023-09-12,124318924952.0
2023-09-13,124463544388.0
2023-09-14,124477929206.0
2023-09-15,124447482978.0
2023-09-16,124318195361.0
2023-09-17,124416447146.0
2023-09-18,124442028046.0
2023-09-19,124383790173.0
2023-09-20,124504736440.0
2023-09-21,124491552041.0
2023-09-22,124420047808.0
2023-09-23,124501554613.0
2023-09-24,124514506806.0
2023-09-25,124560208266.0
2023-09-26,124341204366.0
2023-09-27,124207240853.0
2023-09-28,124130865319.0
2023-09-29,124317878993.0
2023-09-30,123874240693.0
2023-10-01,123990156784.0
2023-10-02,124022258612.0
2023-10-03,124195046368.0
2023-10-04,124042260773.0
2023-10-05,123910951829.0
2023-10-06,124092882206.0
2023-10-07,124352566181.0
2023-10-08,124340259919.0
2023-10-09,124404791530.0
2023-10-10,124455939089.0
2023-10-11,124152467498.0
2023-10-12,123923909804.0
2023-10-13,123708876219.0
2023-10-14,123703437812.0
2023-10-15,123756233962.0
2023-10-16,123824902309.0
2023-10-17,123885607582.0
2023-10-18,124078682839.0
2023-10-19,124298386109.0
2023-10-20,124892418214.0
2023-10-21,124806918224.0
2023-10-22,124777951011.0
2023-10-23,124742426063.0
2023-10-24,125034290736.0
2023-10-25,124264780493.0
2023-10-26,124665315959.0
2023-10-27,124658745181.0
2023-10-28,124401865831.0
2023-10-29,124413826040.0
2023-10-30,124536120286.0
2023-10-31,124354411056.0
2023-11-01,124252507173.0
2023-11-02,124519412626.0
2023-11-03,124405975449.0
2023-11-04,124783400549.0
2023-11-05,124936419306.0
2023-11-06,125002098470.0
2023-11-07,125044555228.0
2023-11-08,125383308631.0
2023-11-09,125336801888.0
2023-11-10,125468801314.0
2023-11-11,125759561815.0
2023-11-12,125824963968.0
2023-11-13,125837438150.0
2023-11-14,125997485820.0
2023-11-15,125850765928.0
2023-11-16,126180775266.0
2023-11-17,126506132335.0
2023-11-18,126691764308.0
2023-11-19,126854017034.0
2023-11-20,126841598500.0
2023-11-21,127308782964.0
2023-11-22,127397202167.0
2023-11-23,127422318513.0
2023-11-24,127411720227.0
2023-11-25,128043485977.0
2023-11-26,128023139792.0
2023-11-27,127992302826.0
2023-11-28,127836022943.0
2023-11-29,128131831041.0
2023-11-30,128211882457.0
2023-12-01,128308944388.0
2023-12-02,128469366595.0
2023-12-03,128534205299.0
2023-12-04,128654311835.0
2023-12-05,128461348721.0
2023-12-06,128738548972.0
2023-12-07,128775514798.0
2023-12-08,128773026549.0
2023-12-09,129007508352.0
2023-12-10,129331788123.0
2023-12-11,129298471372.0
2023-12-12,129099697505.0
2023-12-13,128459579159.0
2023-12-14,128882982628.0
2023-12-15,129067974435.0
2023-12-16,129313012537.0
2023-12-17,129470136382.0
2023-12-18,129424404712.0
2023-12-19,129376275549.0
2023-12-20,129824727203.0
2023-12-21,130172913849.0
2023-12-22,130156093301.0
2023-12-23,130502734588.0
2023-12-24,130670790594.0
2023-12-25,130610327892.0
2023-12-26,130570974836.0
2023-12-27,130260008515.0
2023-12-28,130712852325.0
2023-12-29,130532079417.0
2023-12-30,130627686570.0
2023-12-31,130528621182.0
2024-01-01,130263008054.0
2024-01-02,130786637568.0
2024-01-03,130919276953.0
2024-01-04,131458745500.0
2024-01-05,132147530704.0
2024-01-06,132561168343.0
2024-01-07,132939146109.0
2024-01-08,132866744602.0
2024-01-09,133144429470.0
2024-01-10,133110765450.0
2024-01-11,133571105020.0
2024-01-12,133888061874.0
2024-01-13,133239179889.0
2024-01-14,133876052473.0
2024-01-15,134036261226.0
2024-01-16,133721085225.0
2024-01-17,133694351534.0
2024-01-18,134228079427.0
2024-01-19,133600105940.0
2024-01-20,133770440773.0
2024-01-21,133989918078.0
2024-01-22,133712077018.0
2024-01-23,133858356820.0
2024-01-24,134652642045.0
2024-01-25,134489918065.0
2024-01-26,134679412552.0
2024-01-27,134901854366.0
2024-01-28,134973992094.0
2024-01-29,135035789268.0
2024-01-30,135358383770.0
2024-01-31,135171376218.0
2024-02-01,135206541788.0
2024-02-02,135578343220.0
2024-02-03,135552322126.0
2024-02-04,135509653129.0
2024-02-05,135587680416.0
2024-02-06,135431327112.0
2024-02-07,135772664317.0
2024-02-08,136094117244.0
2024-02-09,136389133489.0
2024-02-10,136613343768.0
2024-02-11,136884629574.0
2024-02-12,137109336782.0
2024-02-13,136703812665.0
2024-02-14,136890162061.0
2024-02-15,137850315338.0
2024-02-16,137682291001.0
2024-02-17,138038275468.0
2024-02-18,138229001877.0
2024-02-19,138123646920.0
2024-02-20,138129505054.0
2024-02-21,138229140785.0
2024-02-22,138260592020.0
2024-02-23,138620366779.0
2024-02-24,139241615670.0
2024-02-25,139001823581.0
2024-02-26,139115427539.0
2024-02-27,139569052338.0
2024-02-28,140145019747.0
2024-02-29,140619022410.0
2024-03-01,141172362088.0
2024-03-02,141722574190.0
2024-03-03,141811462469.0
2024-03-04,142209893707.0
2024-03-05,142322914614.0
2024-03-06,142582157894.0
2024-03-07,142822176515.0
2024-03-08,143346245752.0
2024-03-09,144635931552.0
2024-03-10,144935472324.0
2024-03-11,145068175935.0
2024-03-12,145810550731.0
2024-03-13,146063208632.0
2024-03-14,146959833045.0
2024-03-15,147234416471.0
2024-03-16,147130000434.0
2024-03-17,147260951820.0
2024-03-18,146933573124.0
2024-03-19,147641423985.0
2024-03-20,148023268750.0
2024-03-21,147554554543.0
2024-03-22,148114346114.0
2024-03-23,148156436287.0
2024-03-24,148489920784.0
2024-03-25,148315091906.0
2024-03-26,149647345073.0
2024-03-27,149941961018.0
2024-03-28,149899882246.0
2024-03-29,150146934908.0
2024-03-30,150349374155.0
2024-03-31,150576861021.0
2024-04-01,150311411942.0
2024-04-02,150733889750.0
2024-04-03,151382067308.0
2024-04-04,152766699157.0
2024-04-05,153640756322.0
2024-04-06,154647869404.0
2024-04-07,154772382730.0
2024-04-08,154547176019.0
2024-04-09,154573410812.0
2024-04-10,154359785889.0
2024-04-11,154082169235.0
2024-04-12,154675605377.0
2024-04-13,154874000781.0
2024-04-14,155479886279.0
2024-04-15,155511580575.0
2024-04-16,156054654250.0
2024-04-17,157048679152.0
2024-04-18,154760949448.0
2024-04-19,157989597903.0
2024-04-20,156666978990.0
2024-04-21,156777734496.0
2024-04-22,158953254755.0
2024-04-23,159406848775.0
2024-04-24,159444326547.0
2024-04-25,159984235225.0
2024-04-26,160020928557.0
2024-04-27,159810549699.0
2024-04-28,159986978157.0
2024-04-29,159980357495.0
2024-04-30,159704577852.0
2024-05-01,159859169040.0
2024-05-02,159492605743.0
2024-05-03,159633015938.0
2024-05-04,160279697123.0
2024-05-05,160490736144.0
2024-05-06,160568432276.0
2024-05-07,160509802020.0
2024-05-08,160251269796.0
2024-05-09,160147811428.0
2024-05-10,160194158000.0
2024-05-11,159983426467.0
2024-05-12,160115493478.0
2024-05-13,160070734851.0
2024-05-14,160162284617.0
2024-05-15,159937334426.0
2024-05-16,160512509802.0
2024-05-17,160651925186.0
2024-05-18,160808209482.0
2024-05-19,161238862359.0
2024-05-20,161191713971.0
2024-05-21,160891832991.0
2024-05-22,160968070106.0
2024-05-23,160922297680.0
2024-05-24,160740103720.0
2024-05-25,161193823267.0
2024-05-26,161195837198.0
2024-05-27,160898780922.0
2024-05-28,160817822272.0
2024-05-29,160560619974.0
2024-05-30,160224282902.0
2024-05-31,160637813851.0
2024-06-01,160760924020.0
2024-06-02,160814516654.0
2024-06-03,160590744582.0
2024-06-04,160911432012.0
2024-06-05,161198095812.0
2024-06-06,161288762020.0
2024-06-07,161536515864.0
2024-06-08,161856875732.0
2024-06-09,161903724221.0
2024-06-10,161956652759.0
2024-06-11,161629179754.0
2024-06-12,161454943888.0
2024-06-13,161710932260.0
2024-06-14,161802375737.0
2024-06-15,161859835586.0
2024-06-16,161589282694.0
2024-06-17,161682887208.0
2024-06-18,161518377052.0
2024-06-19,161971292371.0
2024-06-20,161664631074.0
2024-06-21,161859572131.0
2024-06-22,162133468185.0
2024-06-23,162151271883.0
2024-06-24,161864361302.0
2024-06-25,161806761172.0
2024-06-26,161831276028.0
2024-06-27,161870770514.0
2024-06-28,161776511582.0
2024-06-29,161519945664.0
2024-06-30,161502373234.0
2024-07-01,161259285306.0
2024-07-02,161465916970.0
2024-07-03,161383141174.0
2024-07-04,161448433688.0
2024-07-05,161771950247.0
2024-07-06,162135536864.0
2024-07-07,162207327200.0
2024-07-08,162228134258.0
2024-07-09,162234751106.0
2024-07-10,162535734237.0
2024-07-11,162892802975.0
2024-07-12,162957179284.0
2024-07-13,162668574129.0
2024-07-14,162945859050.0
2024-07-15,163350361916.0
2024-07-16,163428914377.0
2024-07-17,163708827247.0
2024-07-18,163908160444.0
2024-07-19,163895745097.0
2024-07-20,164848983197.0
2024-07-21,164851448188.0
2024-07-22,164842768157.0
2024-07-23,164952474038.0
2024-07-24,165171641298.0
2024-07-25,165000954477.0
2024-07-26,164553443243.0
2024-07-27,164789899222.0
2024-07-28,164962145648.0
2024-07-29,164940830469.0
2024-07-30,164581587387.0
2024-07-31,164540926869.0
2024-08-01,164491294147.0
2024-08-02,164086936622.0
2024-08-03,164199254142.0
2024-08-04,164274821772.0
2024-08-05,164422903262.0
2024-08-06,164504454105.0
2024-08-07,164978508201.0
2024-08-08,166609667283.0
2024-08-09,166246079340.0
2024-08-10,166461604297.0
2024-08-11,166071156683.0
2024-08-12,166496358695.0
2024-08-13,166870912769.0
2024-08-14,167247422133.0
2024-08-15,167882952436.0
2024-08-16,168081808721.0
2024-08-17,168684959044.0
2024-08-18,168775533169.0
2024-08-19,168760868160.0
2024-08-20,168734019577.0
2024-08-21,169166556613.0
2024-08-22,169433654834.0
2024-08-23,169575964819.0
2024-08-24,170197173970.0
2024-08-25,170546329175.0
2024-08-26,170525943911.0
2024-08-27,170268427130.0
2024-08-28,170203392922.0
2024-08-29,170429465183.0
2024-08-30,170649431109.0
2024-08-31,170562880247.0
2024-09-01,170261328636.0
2024-09-02,170732828603.0
2024-09-03,170599092856.0
2024-09-04,170226598404.0
2024-09-05,170550405462.0
2024-09-06,170256120492.0
2024-09-07,170218785648.0
2024-09-08,170477460647.0
2024-09-09,170447684512.0
2024-09-10,171120954313.0
2024-09-11,170991284734.0
2024-09-12,171003877084.0
2024-09-13,170779488897.0
2024-09-14,171545014260.0
2024-09-15,172221064076.0
2024-09-16,171872939805.0
2024-09-17,171508320829.0
2024-09-18,172108467331.0
2024-09-19,172336137587.0
2024-09-20,172236171725.0
2024-09-21,172816566249.0
2024-09-22,173058821364.0
2024-09-23,172967769618.0
2024-09-24,172865790510.0
2024-09-25,172900410001.0
2024-09-26,173128815057.0
2024-09-27,173583375969.0
2024-09-28,173329164769.0
2024-09-29,173353966860.0
2024-09-30,173341472381.0
2024-10-01,172705410100.0
2024-10-02,173113290995.0
2024-10-03,173238190814.0
2024-10-04,173108677119.0
2024-10-05,173145831333.0
2024-10-06,173927993368.0
2024-10-07,172705455523.0
2024-10-08,173282890888.0
2024-10-09,173366993022.0
2024-10-10,173405585387.0
2024-10-11,173025784512.0
2024-10-12,173397725943.0
2024-10-13,173674923324.0
2024-10-14,173990658342.0
2024-10-15,173271005178.0
2024-10-16,173325701243.0
2024-10-17,173031301415.0
2024-10-18,173004291079.0
2024-10-19,173321181818.0
2024-10-20,173344076583.0
2024-10-21,173239217525.0
2024-10-22,173425016750.0
2024-10-23,173294097544.0
2024-10-24,172792127976.0
2024-10-25,172159169680.0
2024-10-26,173034987042.0
2024-10-27,173116037093.0
2024-10-28,173541564730.0
2024-10-29,172772836990.0
2024-10-30,173379956464.0
2024-10-31,173634445883.0
2024-11-01,173064556971.0
2024-11-02,173520675194.0
2024-11-03,173590814400.0
2024-11-04,173890067188.0
2024-11-05,175297871654.0
2024-11-06,175430491833.0
2024-11-07,177183515426.0
2024-11-08,177890866443.0
2024-11-09,179032995168.0
2024-11-10,179058457460.0
2024-11-11,180323224699.0
2024-11-12,180983295140.0
2024-11-13,181145295519.0
2024-11-14,182174266320.0
2024-11-15,184423140571.0
2024-11-16,184623780668.0
2024-11-17,184977007910.0
2024-11-18,185411737915.0
2024-11-19,185644637744.0
2024-11-20,186320366189.0
2024-11-21,188121704035.0
2024-11-22,188945868592.0
2024-11-23,190863306252.0
2024-11-24,192652356908.0
2024-11-25,192996256956.0
2024-11-26,191902518176.0
2024-11-27,192271421686.0
2024-11-28,193859955938.0
2024-11-29,194782718706.0
2024-11-30,195540366686.0
2024-12-01,193652411249.0
2024-12-02,193927023392.0
2024-12-03,194862553116.0
2024-12-04,195211966287.0
2024-12-05,196527898043.0
2024-12-06,197102816527.0
2024-12-07,198245049237.0
2024-12-08,198683684697.0
2024-12-09,199574201538.0
2024-12-10,199639119837.0
2024-12-11,200036332505.0
2024-12-12,202264037179.0
2024-12-13,202748846432.0
2024-12-14,203651041553.0
2024-12-15,203930561104.0
2024-12-16,204025471272.0
2024-12-17,204528586344.0
2024-12-18,204721720742.0
2024-12-19,204947961116.0
2024-12-20,205456971611.0
2024-12-21,205515901220.0
2024-12-22,205560223845.0
2024-12-23,206230314670.0
2024-12-24,205737665697.0
2024-12-25,206164095742.0
2024-12-26,206434242460.0
2024-12-27,206930962159.0
2024-12-28,207197693049.0
2024-12-29,206967264546.0
2024-12-30,206504302683.0
2024-12-31,205810826231.0
2025-01-01,205164742606.0
2025-01-02,204712769224.0
2025-01-03,206655327097.0
2025-01-04,208393265440.0
2025-01-05,208356356064.0
2025-01-06,208302678435.0
2025-01-07,208573623074.0
2025-01-08,208039189579.0
2025-01-09,208141459544.0
2025-01-10,207881597168.0
2025-01-11,208060280667.0
2025-01-12,207951775103.0
2025-01-13,208253268306.0
2025-01-14,208176881037.0
2025-01-15,208472574521.0
2025-01-16,209331175558.0
2025-01-17,209546043215.0
2025-01-18,211265267357.0
2025-01-19,211240967979.0
2025-01-20,211614068584.0
2025-01-21,211667030070.0
2025-01-22,214380592991.0
2025-01-23,215702402137.0
2025-01-24,216454060740.0
2025-01-25,217069017936.0
2025-01-26,217108831179.0
2025-01-27,217071330493.0
2025-01-28,217277084517.0
2025-01-29,217742257162.0
2025-01-30,217950294964.0
2025-01-31,218620678613.0
2025-02-01,218819624225.0
2025-02-02,218898950186.0
2025-02-03,218956673884.0
2025-02-04,219731911686.0
2025-02-05,222427225282.0
2025-02-06,223751621874.0
2025-02-07,224191761236.0
2025-02-08,225317098004.0
2025-02-09,225397028910.0
2025-02-10,225536919295.0
2025-02-11,225700564507.0
2025-02-12,225741223550.0
2025-02-13,225976978247.0
2025-02-14,226163396105.0
2025-02-15,226484538416.0
2025-02-16,226626664617.0
2025-02-17,226846956357.0
2025-02-18,226570918457.0
2025-02-19,226481186519.0
2025-02-20,227295780336.0
2025-02-21,227214425659.0
2025-02-22,227914287024.0
2025-02-23,227688984086.0
2025-02-24,227840350567.0
2025-02-25,227239148650.0
2025-02-26,226123129696.0
2025-02-27,225538639406.0
2025-02-28,225525239826.0
2025-03-01,226404897226.0
2025-03-02,225692123200.0
2025-03-03,225678091432.0
2025-03-04,225812980097.0
2025-03-05,226355938340.0
2025-03-06,227361032620.0
2025-03-07,227445420261.0
2025-03-08,228538376610.0
2025-03-09,228623653530.0
2025-03-10,228511456641.0
2025-03-11,228130375147.0
2025-03-12,228910714670.0
2025-03-13,229306761047.0
2025-03-14,229500218000.0
2025-03-15,230283742788.0
2025-03-16,230428207767.0
2025-03-17,230389968939.0
2025-03-18,230581917063.0
2025-03-19,230903695075.0
2025-03-20,231488423589.0
2025-03-21,231373074748.0
2025-03-22,232161740397.0
2025-03-23,233108400252.0
2025-03-24,233459989569.0
2025-03-25,234474874433.0
2025-03-26,235575509909.0
2025-03-27,235710844791.0
2025-03-28,235076764565.0
2025-03-29,234498413096.0
2025-03-30,234740015876.0
2025-03-31,234689136587.0
2025-04-01,234891775019.0
2025-04-02,235098604036.0
2025-04-03,235505341528.0
2025-04-04,235632949475.0
2025-04-05,235149374395.0
2025-04-06,234849196740.0
2025-04-07,234393596524.0
2025-04-08,234023034789.0
2025-04-09,233651845317.0
2025-04-10,233781251117.0
2025-04-11,233631907004.0
2025-04-12,233508804445.0
2025-04-13,233871127996.0
2025-04-14,233670115883.0
2025-04-15,233637606857.0
2025-04-16,234094586526.0
2025-04-17,234261779518.0
2025-04-18,234779410941.0
2025-04-19,234251230495.0
2025-04-20,234302447565.0
2025-04-21,234483574786.0
2025-04-22,234654547019.0
2025-04-23,235858563119.0
2025-04-24,236380477674.0
2025-04-25,237433562988.0
2025-04-26,238063706349.0
2025-04-27,238698220471.0
2025-04-28,239417089543.0
2025-04-29,240116274160.0
2025-04-30,241582119256.0
2025-05-01,241841119697.0
2025-05-02,241996779179.0
2025-05-03,242411545515.0
2025-05-04,242783233349.0
2025-05-05,242757670244.0
2025-05-06,242636576213.0
2025-05-07,241863441104.0
2025-05-08,242002446174.0
2025-05-09,242645754664.0
2025-05-10,242522821557.0
2025-05-11,242737187215.0
2025-05-12,242739867253.0
2025-05-13,242202243783.0
2025-05-14,242060059510.0
2025-05-15,242469651978.0
2025-05-16,243033840800.0
2025-05-17,243578887781.0
2025-05-18,243636755884.0
2025-05-19,243781018603.0
2025-05-20,243721146648.0
2025-05-21,244190132150.0
2025-05-22,245206699030.0
2025-05-23,245721042360.0
2025-05-24,246035620232.0
2025-05-25,246330087216.0
2025-05-26,246338500819.0
2025-05-27,246572193388.0
2025-05-28,246338980183.0
2025-05-29,246326669586.0
2025-05-30,246488683310.0
2025-05-31,246658751247.0
2025-06-01,246780725654.0
2025-06-02,247034661645.0
2025-06-03,247652744275.0
2025-06-04,248336798120.0
2025-06-05,248747907221.0
2025-06-06,248533073996.0
2025-06-07,249202373963.0
2025-06-08,249539360553.0
2025-06-09,249553542957.0
2025-06-10,249904414716.0
2025-06-11,249641331218.0
2025-06-12,250207464712.0
2025-06-13,250150947321.0
2025-06-14,250955297620.0
2025-06-15,250822147818.0
2025-06-16,250828360379.0
2025-06-17,250735569872.0
2025-06-18,250917636938.0
2025-06-19,250952982557.0
2025-06-20,250845050268.0
2025-06-21,250622974733.0
2025-06-22,250613166198.0
2025-06-23,250797178662.0
2025-06-24,250243531549.0
2025-06-25,252018854525.0
2025-06-26,251845503895.0
2025-06-27,252007464722.0
2025-06-28,252324021072.0
2025-06-29,252653878526.0
2025-06-30,252659743781.0
2025-07-01,252933545599.0
2025-07-02,253207478099.0
2025-07-03,253604148591.0
2025-07-04,253910995399.0
2025-07-05,254063684794.0
2025-07-06,254287150721.0
2025-07-07,254314864953.0
2025-07-08,254505358253.0
2025-07-09,254438702931.0
2025-07-10,254906951080.0
2025-07-11,256051583554.0
2025-07-12,257105312689.0
2025-07-13,257377007447.0
2025-07-14,257531172933.0
2025-07-15,257178073646.0
2025-07-16,256165160396.0
2025-07-17,258845194561.0
2025-07-18,259663853399.0
2025-07-19,260117911438.0
2025-07-20,260479595982.0
2025-07-21,260857636605.0
2025-07-22,261434291151.0
2025-07-23,261992378936.0
2025-07-24,263047509488.0
2025-07-25,264188866577.0
2025-07-26,263988246586.0
2025-07-27,264597296181.0
2025-07-28,264937814396.0
2025-07-29,264903226958.0
2025-07-30,264943839811.0
2025-07-31,265590549942.0
2025-08-01,266127026080.0
2025-08-02,266393853707.0
2025-08-03,266394543596.0
2025-08-04,266958574369.0
2025-08-05,267452181468.0
2025-08-06,267608084311.0
2025-08-07,267742692281.0
2025-08-08,268672984865.0
2025-08-09,269267846656.0
2025-08-10,269985745204.0
2025-08-11,269369412093.0
2025-08-12,270101131138.0
2025-08-13,270970739904.0
2025-08-14,272600012635.0
2025-08-15,274206896362.0
2025-08-16,275697644152.0
2025-08-17,275653645307.0
2025-08-18,276467081437.0
2025-08-19,276522223864.0
2025-08-20,276484012054.0
2025-08-21,276877158944.0
2025-08-22,275768000222.0
2025-08-23,275681300434.0
2025-08-24,277021782219.0
2025-08-25,277086387156.0
2025-08-26,278948652493.0
2025-08-27,279233402569.0
2025-08-28,279774951029.0
2025-08-29,282220517393.0
2025-08-30,282400809219.0
2025-08-31,282755252892.0
2025-09-01,283504281164.0
2025-09-02,283501282972.0
2025-09-03,282667626591.0
2025-09-04,284519217758.0
2025-09-05,287156659161.0
2025-09-06,285597073156.0
2025-09-07,285652247063.0
2025-09-08,285416604777.0
2025-09-09,285555675901.0
2025-09-10,286047076607.0
2025-09-11,286161446405.0
2025-09-12,286958759335.0
2025-09-13,288340210480.0
2025-09-14,289046054418.0
2025-09-15,289081516309.0
2025-09-16,289396962261.0
2025-09-17,290191847390.0
2025-09-18,290401167519.0
2025-09-19,291511380429.0
2025-09-20,292307913613.0
2025-09-21,292517398397.0
2025-09-22,292509418223.0
2025-09-23,293372091186.0
2025-09-24,294206546821.0
2025-09-25,294999306012.0
2025-09-26,295170450249.0
2025-09-27,295908901275.0
2025-09-28,296104416211.0
2025-09-29,296342786120.0
2025-09-30,297153690600.0
2025-10-01,298578276536.0
2025-10-02,299478660625.0
2025-10-03,300675974201.0
2025-10-04,302185424238.0
2025-10-05,302711461965.0
2025-10-06,302242700311.0
2025-10-07,302923964457.0
2025-10-08,303724639075.0
2025-10-09,303742808703.0
2025-10-10,303964507359.0
2025-10-11,304289608169.0
2025-10-12,303867936018.0
2025-10-13,303924019586.0
2025-10-14,304816737363.0
2025-10-15,306060527224.0
2025-10-16,306855123275.0
2025-10-17,306909869523.0
2025-10-18,307180026290.0
2025-10-19,307209053330.0
2025-10-20,307489874585.0
2025-10-21,307450640440.0
2025-10-22,308503338066.0
2025-10-23,307909263823.0
2025-10-24,308105513392.0
2025-10-25,308740188617.0
2025-10-26,308500115518.0
2025-10-27,308361564054.0
2025-10-28,308008914279.0
2025-10-29,308187816163.0
2025-10-30,307467720475.0
2025-10-31,307102826325.0
2025-11-01,307118430098.0
2025-11-02,307272166208.0
2025-11-03,307013584008.0
2025-11-04,306953577155.0
2025-11-05,305783463320.0
2025-11-06,305631984700.0
2025-11-07,304874136814.0
2025-11-08,305215921579.0
2025-11-09,304671858019.0
2025-11-10,304621377116.0
2025-11-11,304858595686.0
2025-11-12,305217497504.0
2025-11-13,305175391806.0
2025-11-14,304618963956.0
2025-11-15,303931796279.0
2025-11-16,303812041557.0
2025-11-17,303463657492.0
2025-11-18,303164191662.0
2025-11-19,303119890844.0
2025-11-20,302899399000.0
2025-11-21,302897605646.0
2025-11-22,302668266567.0
2025-11-23,302848432015.0
2025-11-24,302612393228.0
2025-11-25,303914278383.0
2025-11-26,304639023370.0
2025-11-27,305470272219.0
2025-11-28,305903914855.0
2025-11-29,306456656147.0
2025-11-30,306617022316.0
2025-12-01,306307472945.0
2025-12-02,307152249188.0
2025-12-03,307953046355.0
2025-12-04,307915726346.0
2025-12-05,308424767334.0
2025-12-06,308637993260.0
2025-12-07,308588063141.0
2025-12-08,308781500858.0
2025-12-09,309134883068.0
2025-12-10,309287341583.0
2025-12-11,309373119180.0
2025-12-12,310340615429.0
2025-12-13,310415327139.0
2025-12-14,310292605265.0
2025-12-15,309993443561.0
2025-12-16,309768794260.0
2025-12-17,309756230329.0
2025-12-18,309678006752.0
2025-12-19,309129261633.0
2025-12-20,309619523512.0
2025-12-21,310688364084.0
2025-12-22,309462584694.0
2025-12-23,309536732765.0
2025-12-24,309151803089.0
2025-12-25,308660276284.0
2025-12-26,308831646663.0
2025-12-27,308753844443.0
2025-12-28,308635501650.0
2025-12-29,308478680063.0
2025-12-30,308348841518.0
2025-12-31,308014675893.0
2026-01-01,307276788024.0
2026-01-02,307306133906.0
2026-01-03,308086011161.0
2026-01-04,307984915525.0
2026-01-05,308325379395.0
2026-01-06,308863470700.0
2026-01-07,308438686241.0
2026-01-08,308180420498.0
2026-01-09,307825395138.0
2026-01-10,308143061597.0
2026-01-11,308005518335.0
2026-01-12,308005877931.0
2026-01-13,307470781373.0
2026-01-14,308977705862.0
2026-01-15,309892939941.0
2026-01-16,310756598468.0
2026-01-17,311326425983.0
2026-01-18,311610825216.0
2026-01-19,311431468822.0
2026-01-20,311224673743.0
2026-01-21,309543620692.0
2026-01-22,309020992887.0
2026-01-23,308739715647.0
2026-01-24,309146180809.0
2026-01-25,309125586578.0
2026-01-26,309081687161.0
2026-01-27,308534456757.0
2026-01-28,308483579032.0
2026-01-29,308178497232.0
2026-01-30,306847438675.0
2026-01-31,305787698833.0
2026-02-01,305181426550.0
2026-02-02,305507366592.0
2026-02-03,305765127150.0
2026-02-04,306206551083.0
2026-02-05,306248434480.0
2026-02-06,305540716883.0
2026-02-07,305902507757.0
2026-02-08,306445878978.0
2026-02-09,307659474417.0
2026-02-10,307367496379.0
2026-02-11,307174108325.0
2026-02-12,307083129066.0
2026-02-13,306870535310.0
2026-02-14,307747861576.0
2026-02-15,307859212470.0
2026-02-16,307997161955.0
2026-02-17,308232421797.0
2026-02-18,307836445665.0
2026-02-19,308098719058.0
2026-02-20,308099573662.0
2026-02-21,307658604715.0
2026-02-22,307589982068.0
2026-02-23,308751877251.0
2026-02-24,308560038491.0
2026-02-25,308802062430.0
2026-02-26,309428595253.0
2026-02-27,308942883031.0
2026-02-28,309245296408.0
2026-03-01,309539671748.0
2026-03-02,309147090214.0
2026-03-03,310253644687.0
2026-03-04,310510118342.0
2026-03-05,311460005956.0
2026-03-06,312493837473.0
2026-03-07,312671132059.0
2026-03-08,312689656493.0
2026-03-09,312854834265.0
2026-03-10,313891586000.0
2026-03-11,314213546884.0
2026-03-12,314511048240.0
2026-03-13,315126685854.0
2026-03-14,315585789937.0
2026-03-15,315545574607.0
2026-03-16,315516382814.0
2026-03-17,315569886603.0
2026-03-18,315677057405.0
2026-03-19,315226279632.0
2026-03-20,315568247435.0
2026-03-21,315738316223.0
2026-03-22,315736272172.0
2026-03-23,315706270352.0
2026-03-24,315169601654.0
2026-03-25,315279844533.0
2026-03-26,315389410345.0
2026-03-27,314897930668.0
2026-03-28,314766676631.0
2026-03-29,314691075555.0
2026-03-30,314815937531.0
2026-03-31,315097693754.0
2026-04-01,315861521687.0
2026-04-02,316094601423.0
2026-04-03,316368094353.0
2026-04-04,316763513300.0
2026-04-05,316689277247.0
2026-04-06,316706724546.0
2026-04-07,316290046455.0
2026-04-08,316988030223.0
2026-04-09,317022948390.0
2026-04-10,317449418346.0
2026-04-11,318156801327.0
2026-04-12,318233717530.0
2026-04-13,318336557202.0
2026-04-14,318475188521.0
2026-04-15,319504218622.0
2026-04-16,319548838932.0
2026-04-17,320054829444.0
2026-04-18,320898446341.0
2026-04-19,321067032982.0
2026-04-20,320144066001.0
2026-04-21,320200880355.0
2026-04-22,320919905011.0
2026-04-23,320541548366.0
2026-04-24,320271056931.0
2026-04-25,320085380196.0
2026-04-26,320191795399.0
2026-04-27,320173841879.0
2026-04-28,319955346746.0
2026-04-29,320083532993.0
2026-04-30,319285820845.0
2026-05-01,319981760902.0
2026-05-02,320211190782.0
2026-05-03,320274639893.0
2026-05-04,320616485726.0
2026-05-05,321158750035.0
2026-05-06,322048727723.0
2026-05-07,322341768160.0
2026-05-08,322605304775.0
2026-05-09,321283340534.0
2026-05-10,322021903242.0
2026-05-11,322303441091.0
2026-05-12,322497333024.0
2026-05-13,322255206878.0
2026-05-14,321822667812.0
2026-05-15,321957923259.0
2026-05-16,322633907148.0
2026-05-17,322931208042.0
2026-05-18,322824467085.0
2026-05-19,322593068599.0
2026-05-20,322099855007.0
2026-05-21,321564788104.0
2026-05-22,322322261683.0
2026-05-23,322388370470.0
2026-05-24,322331229491.0
2026-05-25,322072256399.0
2026-05-26,322212585414.0
2026-05-27,321880872110.0
2026-05-28,321239798901.0
2026-05-29,320287333625.0
2026-05-30,319855459901.0
2026-05-31,319628074554.0
2026-06-01,319416832685.0
2026-06-02,319406093759.0
2026-06-03,318718524043.0
2026-06-04,317989403682.0
2026-06-05,316665108183.0
2026-06-06,316118943667.0
2026-06-07,315659142840.0
2026-06-08,315791735708.0
2026-06-09,316254695553.0
2026-06-10,315261296501.0
2026-06-11,315201152921.0
2026-06-12,315051732109.0
2026-06-13,314747638760.0
2026-06-14,314815604140.0
2026-06-15,314717623292.0
2026-06-16,315164545019.0
2026-06-17,315025346631.0
2026-06-18,314672972437.0
2026-06-19,314845089437.0
2026-06-20,314889509569.0
2026-06-21,314956570300.0
2026-06-22,314990074907.0
2026-06-23,315039595824.0
2026-06-24,314379580155.0
2026-06-25,313976910204.0
2026-06-26,314102340097.0
2026-06-27,312851067370.0
2026-06-28,312832011846.0
2026-06-29,312506330607.0
2026-06-30,311982381220.0
2026-07-01,311092411581.72003
